07830e7c-62c9-4e2d-a1e5-a3a4adbbdfab,070a0d08-7c5d-47a1-bc4f-868780c57912,816a7e05-4464-45a8-98b4-acc598e040cb,1482031938,Safari (in-app),,,,,,,en-gb,BO,Bolivia,68.106.19.199
8dab1be3-8903-4237-a8c8-7c1130851551,906ecd4c-c066-4544-8dcd-b2d4478251f0,c172a64e-0f2b-4b62-8af6-68fffab3cb6c,1482210844,Safari (in-app),,,,,,,fr,UA,Ukraine,40.4.157.243
971a1237-1cad-4090-8870-a04471e99988,d84d031c-26b1-4467-a7fb-8c18ebf0dbd7,07202617-635a-4a87-9cdf-8e6d3692ffbb,1482326997,Opera,,,,,,,ru,ID,Indonesia,112.11.190.245
79f22952-c124-4266-a4bf-16754d3b4463,8af1498f-4087-4b64-97a5-9ff8b0152b24,13960ff5-50a9-43a3-8965-b9ab83d8dba2,1482432978,Android Webview,,,,,,,fr,CD,Democratic Republic of the Congo,229.175.45.89
65b7882b-b497-4ae3-add0-df9e89ac7c5c,1ee343cd-208d-45c3-a67e-b931598e858e,b08ecb7c-1e6f-4455-b167-f679d4308277,1482518971,Opera Mini,,,,,,,de,CF,Central African Republic,138.11.170.229
fcf9cd1d-59a7-4abf-950d-773cf22114cd,47ff142a-0740-47bc-b0a4-75b8d137e748,882bcfc5-2bae-43e8-907d-b2f4eec47c46,1482569055,Internet Explorer,,,,,,,fr,ID,Indonesia,89.23.184.183
de0e5d2b-31f6-4edd-8408-888e44674497,0070258d-dc20-44ae-aef5-c79f49ae27d4,7d476412-9078-4b6a-b1ea-6dad32a46f28,1482665314,Samsung Internet,,,,,,,es,CN,China,240.119.127.253
24af05d7-bc99-4d06-aa1b-5ca28dea4975,75919316-0e82-460e-a164-cfeb3a69ed75,3848099f-079a-4bd7-ab0e-fe5f37df8955,1482766102,Opera Mini,,,,,,,es,CZ,Czech Republic,35.30.220.187
37268d30-7079-4a36-8518-79a0ffcd8b39,8cacf2ac-43cd-41c1-ac88-323e573e2c44,68b57535-1c54-4bf3-b003-72b055f42e39,1482829810,Internet Explorer,,,,,,,de,RU,Russia,14.38.231.134
ed035fdc-007e-46f1-8e38-ac9f7ccd7946,42db0e40-b553-4d73-b931-5927b9ee7519,a9ab0652-e7ff-4a4f-a87c-09efdece5280,1482946556,Opera,,,,,,,ja-jp,ID,Indonesia,111.92.168.230
4d550170-93ee-4160-a977-662727e352ce,ab04a985-2cf1-47b2-9bbf-0581a381ead6,b801333c-d91a-46a8-9684-8b3a630c8f22,1483060763,Internet Explorer,,,,,,,ru,PH,Philippines,200.43.6.69
9adf2f7a-2042-40bf-a274-5e79ac0b49b2,15221df6-f591-4dad-9088-04ccca5f99a0,e28a80ab-e207-4173-8538-0be828e65f4f,1483155243,Opera Mini,,,,,,,pt-br,RU,Russia,46.47.164.194
1026afb6-43aa-4fc3-ac03-5eeae3f4cee3,c2a421b3-3413-440e-afef-0ff8dcb4c386,5507aac9-1aa1-4d5b-ae3e-3677d39bde60,1483265065,Safari,,,,,,,pt-br,CA,Canada,202.204.72.33
eba6a36d-5b52-4d2b-9af9-80d073fc76ca,4d8551ea-9b66-4950-8ce4-95b3e61d2746,0bce40df-236e-406d-83d2-424403ca6cd5,1483340774,Internet Explorer,,,,,,,pt-br,CN,China,22.173.198.254
95dd8901-32a6-43d3-a22a-645e40f84744,35e3efb6-4071-419f-92c8-8cdb5b617b96,ec5051a5-27ed-4542-8ccb-571232b9a519,1483438444,Edge,,,,,,,pt-br,PH,Philippines,150.169.107.74
933677fb-8278-4fa9-a3d0-d04a9ea61d58,307a4b98-aeb6-4712-8fbe-c82518b21e9f,dd6458ac-089b-4eac-a29b-8df091504cdd,1483560692,Android Webview,,,,,,,es,CN,China,183.151.185.149
9bcf4abb-0305-4900-b745-c7a31927a3db,fa846a77-3613-40f2-82ec-26dd377b745d,13772e43-576e-43dd-8a52-15a7fc0c297d,1483602043,Chrome,,,,,,,pt-br,JM,Jamaica,255.90.18.246
ee8bd442-a7e0-407e-b674-48f4f010dca8,564e79ee-b7fd-48e7-b9a8-d8667307fe87,8257514f-0b5d-4653-a503-8c8fa161647a,1483744366,Safari,,,,,,,ja-jp,CO,Colombia,174.27.49.195
61a7741c-b24a-402a-b0f8-236269e403ae,724bfc23-3fe3-4695-9d9d-6573d0d5be19,369bfd7b-d0af-4d8f-805a-594a5576e2aa,1483800645,Opera Mini,,,,,,,de,UA,Ukraine,61.158.248.24
8011a3e5-8330-487d-9122-f34b6f78381f,af5d4a6f-caf0-4999-ad4f-d7610a394de0,c5a33ee1-49e2-4ae4-bf8d-d58ab52d2ee1,1483895800,Samsung Internet,,,,,,,es,UA,Ukraine,45.30.242.4
76e0c02e-1b63-4ea6-8e13-3bf62774b3e6,e15ac284-2541-4ad9-9039-6afecebc9fc1,e4d08ecd-8e6d-45f0-9320-5eb86f04348c,1483929261,Opera Mini,,,,,,,ja-jp,ID,Indonesia,54.99.201.193
a6379b79-2cd8-4afd-a39f-498a47aae096,bb1f5998-10e1-4992-9e91-4c8160878199,1ae99bf9-0521-4cf8-a615-5d8a9c2c3e16,1484018616,Firefox,,,,,,,pt-br,MD,Moldova,226.139.94.202
806a7021-d27c-4467-ac5c-7acfd924f6b5,d600a936-fcf7-4fb8-9d85-a4c7d60f9d3e,35be9158-8e81-4044-801a-679221086658,1484099445,Android Webview,,,,,,,en-gb,FR,France,127.117.45.255
ba5278de-6700-40de-8919-2f0b3f7055a6,eac76bac-f4c8-4682-a8dd-128e1df62b16,cf6f6fb7-b963-45a0-82a7-30a1acc75fdf,1484249238,Chrome,,,,,,,fr,BR,Brazil,112.17.252.188
a1072a7c-949f-4a1a-bc72-73a589ba84a5,25ec7d80-4000-4a71-931c-389f8e2e6204,b719f4e8-5a8c-4ec8-92e4-cc85f0ecc48b,1484297429,Android Webview,,,,,,,ru,PH,Philippines,219.12.23.85
7e25ecbd-cde2-43c6-a5f2-ed4c3789cd0e,333d0011-2f43-4c72-b46e-a4488e45ae44,b8386cec-9d4c-4975-86b4-064a82e591d4,1484413141,Opera,,,,,,,ja-jp,ID,Indonesia,190.167.59.134
ce5de77d-5207-4c12-a42e-c90534851a58,095bc5f9-02cc-4e79-95e1-9893085bf726,37b56c53-6761-481e-b386-348ec887ead2,1484517742,Samsung Internet,,,,,,,es,ID,Indonesia,174.14.184.81
1a3ce1ad-19d3-46f6-a80a-a97a5e113b75,f82da5b8-19f3-4f68-bbce-a02ddecfca26,4925ddc5-0096-4ef3-bfa3-1932bd1898eb,1484566522,Firefox,,,,,,,pt-br,PL,Poland,179.152.75.241
76a9c328-3535-4c98-b272-8bb50d92682d,f90b4c84-8e4c-4b81-9412-95cf2793bc73,c52fd71e-961f-4d5c-80d5-e160aab6a5d1,1484615205,Internet Explorer,,,,,,,de,CN,China,32.195.41.208
53a74d55-85e9-46c0-ba8a-28dcf286c030,125f6011-74f3-46af-a052-8d4a925b62cd,e1ac893a-dc01-43b5-8c8a-b26ee27415a2,1484769024,Safari,,,,,,,pt-br,CO,Colombia,128.146.158.37
862bcc7a-22a7-488d-9581-5f742ffca829,ed42d390-99b8-42dd-a503-1e92ceac1315,44ea5568-a533-4953-bde2-59534cf8f883,1484800227,Opera,,,,,,,en-us,AF,Afghanistan,14.83.96.160
f9ec6b3f-c589-4c85-b316-bc82100d404e,98eb16da-4476-415a-8d69-5cd08829b42d,d443d6dd-9550-4aee-8a07-af1f9f3f40de,1484897594,Internet Explorer,,,,,,,ja-jp,CN,China,59.212.209.127
9eb1ac29-be25-418c-a2c5-322cdbfd4653,ee074e2b-8795-4d2f-b779-7f20e1b19ba9,c190aa9c-63f2-4c11-8708-3be5c461db06,1485034145,Internet Explorer,,,,,,,de,CO,Colombia,89.174.106.9
460f8188-fde0-46f6-8be8-3357c063c1ec,71abcc41-6436-490c-8d38-f29925ee13dd,06c6bbd3-1049-48e0-99fd-e8ef95bf07ab,1485077044,Safari,,,,,,,de,US,United States,153.176.160.97
fdb77023-073b-4744-899d-6bd765b79647,651922dc-726e-41d2-90c9-c015a028e6be,80808c3c-99b2-4864-a7fe-abdf3bdf0394,1485265248,Opera Mini,,,,,,,en-gb,SA,Saudi Arabia,58.218.24.54
9729078f-0ec7-4cc8-9893-4e023464ed50,bc5755c3-6fd9-4aaf-b84e-e51991d9be3f,37cde3e9-e73b-4107-8204-80c4cc26b6ee,1485345985,Firefox,,,,,,,pt-br,CN,China,33.140.166.45
f2898ed9-0b15-48c8-a530-567f1d117a91,95af404f-7860-4ced-ad9d-5ef02fb7a3e7,2fd49cad-1634-428e-9974-081f4db472d2,1485455539,Samsung Internet,,,,,,,de,ID,Indonesia,138.181.52.11
67bc0f80-375b-40dc-8368-3a654790eec9,199d50cb-0b60-4c82-97c4-b22f71b95e4a,530998b8-7bd9-44c7-9415-daf130cdc457,1485476185,Edge,,,,,,,en-gb,RU,Russia,114.164.235.189
5c130661-fac4-415f-b4af-16d1f6cd1516,f7ac2314-8a05-469a-b567-b9b2ac9e8d50,b296fe29-b4f8-4017-91fb-c36f70b4c7a4,1485646696,Chrome,,,,,,,de,BR,Brazil,134.89.52.119
b4e8f196-5f15-4648-9ce4-789e557ddf38,817fd882-c5f8-4770-a0a3-fb8440362f07,15ca810a-2df9-4992-b098-3f58eccd523d,1485673755,Safari (in-app),,,,,,,de,CA,Canada,77.90.211.101
b3465aee-daae-4ee1-a5a6-64be7cc72dad,c06ad59b-984f-41ad-aa47-2f3bfd27bdab,a2b34954-fb72-43dd-b5b8-551072f8d578,1485744584,Internet Explorer,,,,,,,en-us,ID,Indonesia,77.54.117.22
788fbd3e-4bba-4a23-807e-0c72a13f49c8,4c376205-13ea-40eb-a873-00ed461ad14b,9815f0d1-6bce-4e05-86b0-ab9cdbdd6288,1485887278,Android Webview,,,,,,,de,MK,Macedonia,169.98.99.140
3e88db8b-bce6-4839-be13-1f9ff74b1d0b,b28fb4f2-7071-4ca2-b4d6-9bf42a5bf0bf,c75a53e3-7fb5-4ce9-a394-56a153feff2a,1485909214,Internet Explorer,,,,,,,pt-br,CO,Colombia,163.212.44.211
3d2dca74-6af2-4325-83b6-9276ce210469,e2778aa1-58b9-4239-8146-f6b370f23ec4,833258fb-ced6-404b-947d-6eaa89eece50,1486019314,Safari,,,,,,,en-us,JP,Japan,26.21.238.17
be824fde-79b5-49b7-b78b-20d0697a9d77,38a9996c-1311-4ca6-9b4d-cfd660a06c5a,760a50ed-2fbc-43b7-9863-563a4429306c,1486096728,Opera,,,,,,,de,FR,France,69.118.239.11
99244d20-2a02-4d1d-8d57-d34553bacdbf,88e1a61b-bb53-46c9-ab30-6bcfdc3844f9,bcb07218-3bf3-4c49-bfe1-1b67b93c449d,1486168981,Edge,,,,,,,en-gb,TJ,Tajikistan,25.188.150.173
61e68fb7-346f-44e7-b8aa-0db8ef65ce3c,c677e58c-4a9e-4e0c-9bc1-6b0926ab9048,98f6b098-4330-4638-a448-8c5c113aeead,1486320382,Firefox,,,,,,,ru,ID,Indonesia,94.36.245.195
7bddf4c1-e4b3-420f-92ae-da1149d9c041,87e67a0e-e629-410d-9012-30d2b2305a01,9803ac78-93a1-4079-831d-5e3241521101,1486353264,Chrome,,,,,,,en-gb,CN,China,49.4.217.51
36cdad10-c454-4f0d-9b74-b21c807b9a4b,9e1a4272-3786-451d-8534-5346de7b90ac,5294e8d0-9395-4143-9945-3eb79387b5f8,1486484175,Firefox,,,,,,,ru,ET,Ethiopia,156.135.165.61
06c11a42-637a-468f-9fd7-b4a7ad020463,bfa24f2b-b618-42ad-9c48-b0e39aabebbf,93ce2897-0074-4552-b5ed-d39cbe72d21e,1486597257,Safari,,,,,,,fr,BT,Bhutan,30.164.11.85
cfcbb16c-e881-48f5-a7f1-6aa0dd7ec381,9b90f090-8960-4762-b0bf-599e84309c23,ff51424c-00a7-4fb1-8229-94deb62c7f66,1486658180,Safari,,,,,,,ru,IR,Iran,210.68.91.238
c98fe347-603a-4c7a-a651-4595c420ce78,b6f7ff2b-2fe9-42ee-9f71-878096b4a53f,2148276c-3310-4917-a115-80bc9985f936,1486686300,Safari,,,,,,,ja-jp,BT,Bhutan,210.237.109.26
d2c2fe42-339f-4839-8ad1-daa75f802bdb,0c88b551-4f81-455f-adbd-e27ca7103b92,d08b89aa-e203-4632-8f30-172f01b1eb43,1486801518,Opera,,,,,,,en-us,FR,France,126.168.12.135
d13b257a-3100-49cd-a2fa-d4c36f01be48,cb77d26a-0182-4253-a94a-ea88bf433660,6e19c4c9-7fd6-4fca-9d87-2a13c9d141d4,1486859779,Safari,,,,,,,en-us,MM,Myanmar,21.172.231.25
9badbb48-d89e-4add-8168-fbd75d7ec891,02b8298f-3a9a-4ac7-8adf-7d4ae7fb859d,f7b477c6-aa8e-4c2b-90d1-d965a50bf6cb,1487011643,Edge,,,,,,,en-gb,FR,France,42.144.155.124
545519eb-06f2-41b2-b3fd-5c6cb3daba84,2de121fe-812b-4e5e-b036-be7466b7a030,ef7b387e-364d-46a8-a919-dc9cd1ee57e1,1487103380,Firefox,,,,,,,pt-br,LK,Sri Lanka,110.15.34.129
d82e245d-e371-4a54-b68d-69edd15eae1f,0de209a9-e836-49de-9b54-6723f1d64589,5b81445e-6343-401d-a792-3fe51565cdbb,1487167183,Opera,,,,,,,ru,CN,China,5.51.200.217
0363051b-a9d1-425a-99f1-69bcc43410d2,03821866-1974-4293-ab1f-484ab717f5b7,4cb05792-a937-4f7d-b8eb-0404fa2689e4,1487225401,Chrome,,,,,,,en-gb,PT,Portugal,245.136.84.230
27f700dc-b524-42cc-8b7c-201bb6c3767f,116ac9c3-6a9a-4fa7-b555-084767824723,4a40f03c-e015-41d7-9327-b6fc13a49133,1487327814,Firefox,,,,,,,de,NO,Norway,125.39.42.17
4cb023b0-305f-4f66-826f-8bf482a52399,9f5b44c2-942d-4d78-b56e-92b9bec5f3ea,4c45033d-d6ee-4d7b-8e4b-0e963acace07,1487459424,Safari (in-app),,,,,,,es,UA,Ukraine,228.242.184.133
d814f810-3869-4c98-ab45-b69046aa2c45,b3947402-84ca-4dfa-81e4-abc7298d5b8b,d64b2b89-37f7-4dd7-8a33-c7c839512d26,1487499137,Internet Explorer,,,,,,,fr,PL,Poland,94.159.176.68
f256b164-3148-46b6-9788-2b5b98f1459e,444f2c30-3b54-44ba-9bad-790a4eef8f88,4edb252c-6d33-4fab-ac26-f301441e4b64,1487573914,Firefox,,,,,,,es,CN,China,236.83.197.182
946216d3-f709-4833-a61b-05d331f68311,ab2881e4-9e2e-45a6-87d6-fffd1816a580,1ead7547-10b6-4476-80b2-d2997f7e7fb5,1487681899,Opera Mini,,,,,,,fr,CN,China,53.34.161.71
40e1af43-2bc3-4313-9942-01daa9c98938,2e4dff88-d4fd-440c-b2f1-2d60cd3914d2,0951d5f5-3e02-468d-91b3-13cbdf9a4c0f,1487736689,Opera Mini,,,,,,,en-gb,GR,Greece,0.237.185.186
ddd9ff34-eb8e-4ddd-9668-7da0d875c7ff,80b9b714-b19b-4ed5-bbad-ce69884ff9cb,97a6e3a6-2fcb-471b-8f95-ee5557f0dd16,1487842820,Android Webview,,,,,,,de,PL,Poland,249.46.28.148
69c1bd4c-c21b-4d5e-993a-2aee0eeb7e93,5f28aa8d-852e-4d11-9cd8-ba9c4e867185,972a74ed-8ad0-4242-a4ac-272652d97d52,1487955725,Safari (in-app),,,,,,,es,IQ,Iraq,222.32.206.42
0865867a-365e-471e-8dc7-2db1e12b674a,d5bb7eb2-6027-40b9-b37f-c3f3513c3f77,1a107187-8717-4165-ac49-d800291ba998,1488064108,Safari (in-app),,,,,,,en-us,RU,Russia,168.52.128.136
b44a782c-72c4-4de2-9a44-63bac7fbcf3d,de845954-3416-45f7-95f8-3f1073778d96,963ebc6d-1bfa-4c60-a236-9bf77c271049,1488145584,Safari (in-app),,,,,,,es,PT,Portugal,201.90.246.165
501ca7af-72d6-4932-bb4d-c5b83278e837,57153743-b48c-4d5e-ae99-31e32c03358e,f7f57448-53e0-4d9e-9db0-dc74c7df6b61,1488183105,Opera,,,,,,,en-gb,RU,Russia,220.193.102.63
d82cea29-5332-443d-a481-24bec2358dad,546fc299-dd92-412e-aa6f-ab5205de609a,afa9b74b-a2f1-4d7c-91a5-08f0935f4ba9,1488290132,Internet Explorer,,,,,,,es,HN,Honduras,0.124.5.199
fd512419-1e29-4f55-9639-eca0f314f192,e5a1c6ec-803b-4c0d-8d08-6d8358cec331,f788ae40-2b20-4403-9f09-37c30306bc96,1488329311,Opera Mini,,,,,,,pt-br,CN,China,69.78.33.27
411b1892-f0a0-449b-85c0-719e24d9bcc9,ea4214b4-cc2a-4fbc-8806-cd528e507cb4,0c888857-93f3-47c7-a8bb-ff2e204ca6b9,1488457993,Firefox,,,,,,,fr,ZA,South Africa,149.88.143.63
309ea933-615e-4cdc-b1b6-0d7a5ce2f405,26c7d15a-f8b8-4bbf-aa40-68cdcbc6fd30,b5ba6cb7-f3aa-4b19-ab51-a10c647a23b9,1488568011,Opera,,,,,,,ru,BR,Brazil,223.226.178.51
3ac9ebdb-37af-4c50-a18a-5f09275f7483,6b0bc1d0-ae9d-4c82-9ef4-81aa1b6c2fd5,fb3decd2-9945-4879-b907-37afe002bdcd,1488601355,Edge,,,,,,,en-gb,AR,Argentina,215.151.243.205
15af8acf-d0ad-4d83-8b0a-62eddf9b7a8e,d033d865-c9ba-46fb-848e-25ae6d60e7a1,06c6fbf7-db0e-4003-b72e-74da16a946ac,1488705163,Opera Mini,,,,,,,fr,NO,Norway,119.208.74.7
b11b99a6-30ad-46bf-82ed-84694c442081,a6d7a7aa-dcf5-42df-9b8c-46a5b4d30fa1,a34820c4-6b71-44d9-b88d-abe59b1e20cd,1488822845,Safari (in-app),,,,,,,en-gb,FR,France,240.146.125.71
90478a69-d36e-4dd7-bfa1-9e4e1600ff57,1b544202-fc5b-469f-85d2-3e19133bafe4,e105e7f7-64f2-4ee8-a630-6c2a951db470,1488898600,Safari,,,,,,,pt-br,CN,China,156.27.193.10
8c4a4a05-c161-4441-9466-ade6fb1007b6,65dfff21-cec8-429b-8524-fc2bf37ea0f9,b5ae954f-7559-4e1a-860c-354566762383,1488972634,Samsung Internet,,,,,,,en-gb,CN,China,136.212.251.195
5bc8eb13-7b40-4fb6-ac17-a0befe6dd684,48d92485-eba3-4c54-b2fd-dc01c68d8e12,b45a8db6-44a1-431b-a335-ab8e4d7b3602,1489039884,Firefox,,,,,,,ru,UA,Ukraine,75.208.88.111
9e238db0-f136-4a13-982b-b68be656670e,85c581d2-af44-46ed-9477-e61bf0ad5196,b0c95d22-317f-45cf-8845-ecfe7065d4df,1489177076,Internet Explorer,,,,,,,en-us,CN,China,183.80.193.199
81e4ee20-4262-4136-851e-5a8cc294e2c2,573792ca-0b90-4bff-aecd-c7d2fcb2a829,f80724be-8beb-4f27-b7d2-71fc4d8b8249,1489255678,Android Webview,,,,,,,en-gb,FI,Finland,216.208.203.121
9ff400c2-1e94-4f12-8d3a-8eb95f124957,22becdd8-0545-4616-995c-5209d9654f5c,9bc0ccb8-549a-4ff3-9076-616662283cda,1489358709,Safari,,,,,,,en-gb,ID,Indonesia,29.158.179.231
249b3861-ebfe-4e90-98d0-8b628c838d33,fccf9f71-7a64-4317-9872-2aa671c88fbf,a9c963da-8e1c-4eb9-87c3-3166dd2351e8,1489428911,Edge,,,,,,,ja-jp,FR,France,20.130.181.23
de5ebd50-1595-46f2-93db-31970980e0b9,27bcea3c-8052-43c1-8bdf-638c46926383,fe9de234-edba-4204-a0e1-c173521e05ab,1489514838,Safari (in-app),,,,,,,pt-br,RU,Russia,64.3.142.245
b55b86d9-f66e-4b87-b30a-88d892831964,a967714f-3f15-4939-8529-696e787c39f6,26449862-d7f7-460e-aee3-fe8ea51f19de,1489569747,Android Webview,,,,,,,ru,PL,Poland,92.53.83.203
e8004032-b53e-4fa0-aa22-81722d1f5f8a,a6b7897e-5378-475e-9553-4c42a2effddd,b5bd204d-7b69-4366-8baa-9d920c28fe3f,1489627785,Chrome,,,,,,,en-gb,CN,China,154.129.131.76
4f6f075e-3448-4b5c-a919-56002ae8feea,15223f43-d260-4248-b9bd-d3b032032bcc,864a0842-9ee0-49f4-a5d1-af05bba7f49c,1489733809,Chrome,,,,,,,fr,HN,Honduras,210.25.98.82
6be76a9e-9838-487f-b45d-4b1e3dbc7171,79f4153d-a622-4235-89a9-5b03804d4e9c,196e1fcf-8361-4a50-8888-510909ca31a5,1489804693,Chrome,,,,,,,de,TZ,Tanzania,29.57.184.43
c9e22a0b-7850-4509-9f44-c114b1465579,620f9c2e-d469-4c0c-98e2-7c5d2091fd5b,59fa2afe-3ceb-46a1-ad3d-51116ed031a9,1490008126,Firefox,,,,,,,de,JP,Japan,75.40.143.3
c3c3bd7d-d902-4c19-aba3-cc44821a4900,74da0ddc-f7c3-47bf-9e2e-954ef388601a,699ef4ba-11e9-4d96-bb2b-8d47998b7aba,1490108848,Edge,,,,,,,en-gb,ID,Indonesia,124.72.176.223
86842ff4-9cc0-4c9b-aa0c-a40c311e183b,7cbf9749-4410-4e9a-b9b9-904c041326a4,b6528db6-12f4-46f2-815f-9bca811ec852,1490212128,Chrome,,,,,,,de,CN,China,231.12.65.144
2233a9b3-6abe-4303-a3d8-60621aaacec4,e6a5d7fc-40e5-4d42-9d3a-635456e83c42,ec688a7b-d6cf-4fa6-833a-c6ff0f5d1827,1490243106,Samsung Internet,,,,,,,ru,CN,China,24.45.32.207
10fa9eb4-c1a9-43f1-b868-52e2e697433b,d100fa71-ce47-4846-a6ee-13ac6e0f7c5f,c05ba576-801d-4da3-bffe-c735eb6ca3ae,1490377904,Opera Mini,,,,,,,en-us,KR,South Korea,237.37.112.64
8392b116-d551-4577-9a87-1924e6a72a74,050e75cd-24d0-416c-abe6-dda09c98f26d,e2b100cd-d82b-4809-804c-100e5c2eeee9,1490463007,Android Webview,,,,,,,en-us,MH,Marshall Islands,251.106.159.225
0ecca7af-8ebc-443c-b68a-4931fb443dec,2d676496-630e-490d-accb-294f2ca4711c,89420192-801b-4df7-90f4-ccd02e20d90d,1490528656,Internet Explorer,,,,,,,de,CN,China,8.24.245.44
5e9efb49-62fb-4503-b2f8-b217a848e414,7579933c-580b-4e8a-b33e-c39f393e8faa,3b872ccf-5c23-4de9-952a-8d51e88b7aec,1490601723,Opera,,,,,,,de,PL,Poland,130.7.132.222
2f9e5b00-8f2c-4830-a0b6-871ee28a11f9,0ca2ca8f-6f61-4586-af05-464887001954,a214cda8-2bb9-4b93-af43-68a5762ee471,1490712197,Internet Explorer,,,,,,,es,VN,Vietnam,84.30.22.189
a32062f8-f6f1-45cd-9964-583a64b98108,c480b127-0a79-47a8-b884-e37ae32be1dc,e707eab4-f905-48e4-bde1-f75ef0ee0eda,1490773191,Safari (in-app),,,,,,,fr,UA,Ukraine,62.64.40.248
16c1005f-86c4-4f38-8136-a9f426a2f4c6,b4b002f5-7191-4ad7-9628-a2f38436b376,0146e4ab-3107-477b-a1de-0ec6b96dffe6,1490850561,Opera,,,,,,,en-gb,HN,Honduras,22.48.129.29
00120dc7-0a13-4f9c-9217-3459340c153a,8d401814-82ac-4b56-9e65-ef0556ae7a43,a97f8fe4-41b1-49ae-9a61-4236ee7591da,1490954419,Safari (in-app),,,,,,,ru,CN,China,69.94.44.126
5c23562f-0309-44c8-9f30-33a42df1110d,98360eba-82e7-451a-970e-929b8c6bd3b1,c8c8ff4d-a6f7-49b8-b61d-1f1e4e7c398c,1491088320,Internet Explorer,,,,,,,de,ID,Indonesia,55.160.76.230
a2400ce7-de68-45ac-9009-9116104a3485,86dffdbc-cb6a-4f22-b536-a1503b75638e,aa7bb5f9-81a0-46e8-829c-60e374c16dc3,1491174224,Android Webview,,,,,,,de,PH,Philippines,204.202.202.248
445acaa3-6026-4dff-9635-9ec16fc83390,db5df951-f577-45a6-8997-316c256a89bf,b3435fcd-8c3a-42ba-9099-d4951e621bcd,1491213193,Safari,,,,,,,pt-br,KE,Kenya,215.65.25.87
4dc6e9b0-969e-4c57-81ae-339b7df0bae3,e9937550-1c9d-4a6c-88a9-f6993a649899,9b68cb9e-9eb5-4abe-93a0-1be254563ef0,1491292512,Android Webview,,,,,,,ja-jp,MX,Mexico,126.233.170.72
4c3da837-456f-4843-8448-bea2d9fb903e,c990a3ea-5d98-4767-a609-fe5bda1421d1,fd72d82e-42ca-4012-bfc0-aba4673f90c2,1491385228,Android Webview,,,,,,,fr,CN,China,148.37.207.228
6bec8a1d-1e7c-4bf0-ab82-dcf36e735fe1,5bb2c888-ed7a-4505-b145-3c2567c923ad,1751dfec-5f1e-4472-ba40-c0cdc5c8770f,1491493400,Safari,,,,,,,es,VN,Vietnam,118.226.133.228
0297cfc4-a13f-4511-9493-240916f38726,338874b2-0bbc-4e63-b4ef-3c39f94aba8a,93724782-e597-4628-b455-cbe9d7a81f54,1491551911,Safari (in-app),,,,,,,en-us,TT,Trinidad and Tobago,8.37.76.7
442b24b8-a2d3-4a33-99d0-815deb37539a,2ac716f2-5a32-46f8-a5fd-5914cf612e66,b2156c28-5994-424f-a656-2267b13c5a26,1491659280,Edge,,,,,,,de,CN,China,71.125.49.245
76cee183-3f15-43ea-90d2-8f538d86b06c,db7d45b9-4099-41ad-aec8-11008dd45c08,a5448af0-a404-4c5f-a043-f633199925a6,1491776814,Safari (in-app),,,,,,,de,AU,Australia,108.241.27.42
0bfcba7d-1b5e-4934-a305-9a7c3e67073a,2c12557d-f155-4e78-986d-0b237e3765f9,0334b942-61c7-4f3a-bba0-ff36a7df9e5a,1491844817,Android Webview,,,,,,,en-us,CN,China,47.222.210.116
db71f3a1-a8b7-46e8-bca5-1fb15c93d4fb,89bd9c52-672e-47b5-9409-46aef3e0197e,2cad6d2a-9206-4dd9-9443-8cde3addcae3,1491949170,Samsung Internet,,,,,,,en-gb,BY,Belarus,2.83.18.126
c9d497d3-ce46-4cac-b339-676b3e893667,8048f29d-80ad-48ce-abdc-f5841d2e39b8,c508f8a4-570c-4592-ae79-a3c3fbe0df61,1492030547,Chrome,,,,,,,es,ID,Indonesia,103.98.92.109
53b3e39e-25a1-4008-8676-aadf1f12f340,6cf6f770-0a86-422a-808c-b6bcd17a1f6d,b0715daf-3246-4942-bc9b-42adff152a6a,1492045732,Chrome,,,,,,,pt-br,ID,Indonesia,6.38.242.113
eddb5fab-a4f0-4434-a98b-63efb6e61776,0debaf72-e33d-4aa2-b5dd-a14031b2c07b,fccafff7-aa4d-4fd1-8963-66cdee5f3f4c,1492212398,Edge,,,,,,,fr,CN,China,147.60.57.239
b55e1fd0-6364-4241-9c23-42e43131ec49,859929f1-c2e4-46ba-961f-a6b95fd3951e,b34f9a20-f56f-4c94-a7a2-5cedefac2feb,1492236920,Firefox,,,,,,,fr,RU,Russia,137.189.34.135
c6fc726a-b8e9-4ae4-aeba-05b26e689fda,c1e7940b-492f-4c7d-ab96-2cbc0398838f,34c5249a-4672-40c1-8107-64ab07e56823,1492347678,Opera Mini,,,,,,,ru,UA,Ukraine,68.171.48.241
aeccbd9c-7be8-49cb-bd9c-d980f3552f3e,947d6d27-c0d6-42f9-abf7-ce50bb2fc44a,a44cc670-681c-4c02-af97-92eafdc478ca,1492418755,Opera,,,,,,,de,ET,Ethiopia,41.171.145.17
5d535c3b-034c-41ca-8741-533d26a68000,1a903504-bf2f-4eaf-87c9-61a0e5606c69,e29fc3b9-fb8e-4521-9fe2-820f29c34f96,1492535357,Opera Mini,,,,,,,en-gb,FR,France,177.81.5.15
3662197a-8237-4b23-801a-adbd04ea604c,0b8837eb-cf38-427d-aa57-984316c9c416,762b04eb-3c10-4fd1-b70d-998e25b0a2ce,1492593363,Opera Mini,,,,,,,fr,QA,Qatar,90.178.98.220
ea6bbc19-1ebf-42eb-ab2b-85ad3d55d800,6949ee5f-4b31-4b64-84ff-25fc7f6d5300,428b47f3-bbaa-4efa-be1c-24d10c9ea125,1492678526,Chrome,,,,,,,es,ZA,South Africa,55.63.145.228
5dcdfcdf-4069-4d87-bb89-29dc04c3c870,0489dad6-5f1c-43df-9560-e63c83d7af30,56d7f8fd-9875-4bb3-afef-65811ae87add,1492793730,Android Webview,,,,,,,ja-jp,RU,Russia,190.31.83.4
73d67abb-0cc6-4217-960e-b50fa3ff6e16,230b7962-4e4d-42f8-ae91-2cfa9c6814d0,36ec866b-8047-4fc0-8b04-6026e13d7e71,1492886855,Internet Explorer,,,,,,,en-gb,CN,China,34.33.141.176
d7da1e76-efdf-40f3-9df5-a064539d7921,7c6b9794-6538-41ce-8dfd-68e760c03ccc,906bddd6-4907-4501-95c7-08f4cc12f45d,1492965227,Edge,,,,,,,de,GR,Greece,103.71.231.219
4d8df9e8-75bc-4234-9685-3ee75b16f493,2c25b1f8-d5a3-4a4c-b7fc-e43ae117093b,4a9d4e99-eb4c-4035-aebf-2d45954507cc,1493016510,Opera,,,,,,,en-gb,GT,Guatemala,171.122.100.252
982c51a4-2c0a-47c7-a613-e98ab6c930e2,fe376c1c-a371-4748-baa6-6dfac20f598a,6962f3ec-e367-433b-83ce-9ce587c6416d,1493133059,Opera,,,,,,,pt-br,CU,Cuba,146.14.146.172
59ceec0f-d1a0-43c6-b948-74a143e49c14,2569ff8c-2f7e-4d73-b17d-75920fd7c94b,772634a1-d0e3-4969-9ca8-58ad7f84adca,1493209025,Internet Explorer,,,,,,,ja-jp,PT,Portugal,139.70.228.145
b9671403-a7b3-465f-909a-b7f01d8e7dd1,40250bbf-8cec-4615-89f0-236d8da7188a,00d42836-4855-48a3-8d29-e4e7db9c5f6c,1493307268,Safari,,,,,,,de,TH,Thailand,143.93.20.20
11dbb493-e769-4d24-b000-0149fc43e258,6ea6790a-6d91-45e6-ba1f-57a6633f27a6,f5c8f7b2-2f30-4187-9253-6b7286b91847,1493386953,Safari (in-app),,,,,,,fr,TH,Thailand,218.156.124.111
70db2a12-d8e5-4d28-959f-e3d6e4064ee9,20e8e363-3e96-4e6c-8d99-6d6efb999744,36257f2e-177c-4b54-8c11-d5a195d33279,1493494288,Firefox,,,,,,,ja-jp,CN,China,204.122.126.92
96568aec-56b3-403d-89f3-23f42d38645b,4f2abf18-8f85-4143-8cdb-abe76d3ae0d3,5e2b1966-89f1-4f3c-bfd1-faf2a70dcf8f,1493637887,Opera,,,,,,,pt-br,CN,China,88.198.161.39
c0e37196-bd2b-404e-88f5-dd60f4e9fb85,170bb102-7fe7-4dd5-b2ee-dbec91622f81,df332bb9-60b7-43fb-930b-a495505bebcc,1493728570,Chrome,,,,,,,ja-jp,YE,Yemen,88.160.100.79
3fc7ea5e-78ab-4e73-a21a-bda59198dabe,8f6660cf-a2aa-4be5-806b-874bc99f4f47,178ab9a3-6c82-48c5-a1ab-f347da0263c9,1493794555,Android Webview,,,,,,,fr,GR,Greece,27.71.181.95
c52e94c8-9bdb-4dc1-9441-54ea8961771b,1c33e93c-a7a3-40f3-98c4-176c0d1911ec,53354df4-5d90-4de6-9f16-97f7802a3fd4,1493867095,Safari (in-app),,,,,,,en-us,UA,Ukraine,195.72.0.39
8735165d-66e4-43e9-92d5-9349d8beee30,74d0c5c5-9617-4eb5-8744-f356aa2102c4,98d46b80-7caa-412c-961a-ca9126aecf59,1493949646,Internet Explorer,,,,,,,en-gb,CZ,Czech Republic,9.77.189.167
3f72c4f5-0995-45fd-b1eb-a6eda7ab20db,5e34b366-fb8c-4e9f-bafb-62f2eb6fe1bd,b65be571-ec1f-42bd-86b7-c3ed9e6486b3,1494107968,Opera,,,,,,,ja-jp,ID,Indonesia,131.38.133.75
4d9a170c-e67e-4613-a638-b411343d7476,8834b8e1-ba25-4f3e-91cd-9a2b41be9ad5,ca270613-9c0a-4c9b-8cfd-40ca9dfa0f72,1494119363,Firefox,,,,,,,pt-br,BR,Brazil,24.185.210.155
8655468b-2cf1-4190-a59a-25aee29328a8,e4051551-07da-4a06-9c57-ca2452e8c9ff,68d0d2aa-10a0-415a-b26a-bc788f15579e,1494227868,Opera,,,,,,,pt-br,FR,France,206.153.210.11
2849ca23-a5e0-4204-8a14-654e6033f23c,c060fca6-e660-4394-8bb1-34f445b87ad2,eb563a94-f167-43da-99dd-a18575080eed,1494345669,Opera Mini,,,,,,,ru,CI,Ivory Coast,81.118.20.186
85f95d02-23ec-487e-8b4e-64277ef8d10c,16e2dce1-ebbd-4620-b15f-5cc5ddc30abc,e562fe0a-78f3-477b-aa97-bdf205537e90,1494424394,Safari,,,,,,,ru,PK,Pakistan,99.187.167.119
525a9f98-9fdc-45a4-b7ff-401ba90d4e4d,19dc725a-1e60-4f17-90e4-18badc9e304a,e1b79ca2-ba66-4229-96a2-8fcf6e0aa3a3,1494484143,Opera Mini,,,,,,,en-gb,US,United States,153.9.25.221
a6569ec8-cbc7-4660-9eea-e690e445c59b,8ae37a9f-b5bd-48a0-9ca4-a2ea11871638,baeb48a2-0326-4fae-9125-8b89889c33c1,1494555814,Opera Mini,,,,,,,de,US,United States,221.229.220.107
3605986c-915e-48e7-a35b-c69c8ecd8ef5,a28e6328-6817-4c81-b888-650cb1ec0aeb,6ff9b0d0-b0ff-4fe6-9d66-726c61df4079,1494692543,Internet Explorer,,,,,,,en-gb,DE,Germany,239.9.161.104
f6b75451-e269-4a2d-90a3-4470f3fe5af5,c317deb1-8d09-4f40-a848-321adae51748,a51cb86d-5820-4c6d-8352-395c59aef55e,1494722218,Android Webview,,,,,,,de,CN,China,35.248.220.10
23675868-daae-4aac-9a94-3c1e418f6b43,b2e31daf-69b4-418e-98da-62605dc7a09c,efcf5eba-bb24-4b8a-96b6-4ae7d7ae0c66,1494870647,Internet Explorer,,,,,,,en-us,JP,Japan,95.156.7.144
528eb7e1-d01f-4a08-bec4-0e197959283a,c5b735c6-6746-491e-afff-e78e9a921290,53760add-fc76-495c-b104-75e04c2167eb,1494946922,Safari (in-app),,,,,,,ja-jp,PL,Poland,130.208.146.112
5cba7f98-a08a-4766-9d6f-da379e89ec63,e9c053f5-670b-4e3b-bdea-726cd2e09e13,3a84403b-44d5-46e4-bbc0-eae40a1a9754,1495068540,Samsung Internet,,,,,,,en-gb,KR,South Korea,28.134.31.24
74b831b8-d79f-405a-84aa-740a18a9383c,5b1d75ee-b26b-45d3-a34d-fb663ae3512f,e1767329-620f-4491-a257-fb4398efa447,1495172843,Opera,,,,,,,en-us,PH,Philippines,12.103.142.152
c38f2071-85cb-408f-8f42-d865b78b430f,4d3e1939-e9c9-4e71-ab60-e0aa39813cf8,ad19929c-892a-4a4e-902b-51dd73bdb4ac,1495294948,Edge,,,,,,,fr,CU,Cuba,218.173.175.223
906748c7-4c51-4830-8eb1-7dee6a04ca80,7f55da79-3855-4b43-990c-516ebfe6be17,c34783cb-13d6-4745-948e-fce50cb6a6ff,1495399015,Firefox,,,,,,,pt-br,ID,Indonesia,153.55.237.150
a3605b9e-a989-4f3a-a927-9b9d8bede9dd,60d323b9-2810-4e8d-9331-9d73b69d8ae2,ef9a623d-f094-42fa-88e1-e8fa2c6a26e0,1495475399,Safari (in-app),,,,,,,en-us,CN,China,155.160.75.161
b6b4fe99-7b96-4799-bb6e-09b371067ece,c4a357dd-99a9-4d31-bfb0-7baa4769468b,31edb882-8e9f-4ecc-b16e-331d0f22ca33,1495502774,Opera,,,,,,,fr,CN,China,219.15.81.177
de5adfe6-8502-4a7b-a88a-f0c7bc45a41a,a0532f9f-944c-47a1-8419-22f2bedf94ff,4463041b-89a3-4bd8-819e-3560343b5f76,1495604201,Opera,,,,,,,en-us,BR,Brazil,129.14.92.188
f3888225-59ae-4454-b9c9-6b2ce78559e1,23a6609d-b5ee-4dc7-8e87-4d57fadc814d,4eebf91c-dd0c-4261-9815-522ccf9978d3,1495686802,Opera Mini,,,,,,,ja-jp,PS,Palestinian Territory,203.94.193.80
8e77c500-3865-4b36-b252-e4825f01834c,b86bb0d4-72be-4149-9d05-8f2edb9dc47d,ad53fdfb-8348-4639-87d9-02a86065f3d5,1495851813,Android Webview,,,,,,,ja-jp,ID,Indonesia,66.84.152.106
228813c1-5625-41be-b955-3d57340a67ca,5da8e42f-3638-4fd5-a18b-4e034c5a877f,abe5014e-0cb2-4e74-838e-85661d19c8f0,1495948830,Chrome,,,,,,,ja-jp,PE,Peru,230.160.218.131
6f478154-6ab0-4d2e-8546-bb9baffde2f1,4bfce49f-0d71-4886-b387-16acd2309379,000667ae-6bf0-4b49-8872-8ef45865d9ee,1496061952,Internet Explorer,,,,,,,de,PH,Philippines,252.171.192.48
b5348003-800b-45d8-93b8-89322cf3c2ca,85ed0e67-b5c6-40ff-85a8-ad5cbf8faf5b,69b0fd4c-61cb-4ed5-8a48-db547dd42021,1496109362,Chrome,,,,,,,pt-br,SE,Sweden,98.98.6.246
30e51fba-bf41-43db-8685-e45fbc9fae3e,70465b70-41eb-4b79-a94d-8b2935c1c1fd,1671d9cc-674a-4ae6-abbb-b5f732a29892,1496216452,Opera,,,,,,,fr,ID,Indonesia,203.61.212.129
a1961a18-d0f7-4080-b2de-868a64e98fa1,9828f8d3-8354-4aa4-a8ef-11fd5ee77f8f,a16ba2ca-75cf-442b-a075-2320c0717dd9,1496358571,Chrome,,,,,,,en-us,BR,Brazil,101.52.205.43
eb4b9731-cc4a-4ac0-b47e-73f88e7eabb5,4e1aae69-9f06-4fba-98fa-af442976ffb0,0d5c9da8-5fe8-4ecf-b029-46acf4e287e3,1496364430,Android Webview,,,,,,,de,PY,Paraguay,26.187.154.251
44d1ccf9-2bd8-4796-90b4-4998fef9004f,d9fffbc7-e5a9-485a-874b-abcf304d1941,98fb2e80-5b1b-476c-9570-920ccf17c594,1496462879,Internet Explorer,,,,,,,pt-br,CN,China,244.190.197.15
8b3637f0-6733-4727-9e48-03b2274060d1,591de25e-f9a5-45b6-a91a-174749e5b2a9,9e2c0bc4-c2d2-4ca3-8ee9-73e96b7589b2,1496547906,Safari (in-app),,,,,,,pt-br,ID,Indonesia,115.156.64.101
cf918161-365d-40be-9868-3297d7a48de4,b85993e3-3f30-4f3c-a2e1-ec3197cc0092,e475eaa0-4055-43fa-abcc-ae4e608b9f20,1496640896,Samsung Internet,,,,,,,fr,ID,Indonesia,169.123.219.150
2f3d0844-a4bc-416f-8cf9-c3e573935c3d,0d7725eb-8785-48f1-9f2a-60846260be8f,4836b8e6-ce0b-4710-ad39-2979d2c48d20,1496714565,Safari (in-app),,,,,,,ja-jp,ET,Ethiopia,150.67.24.177
5d75aec4-2673-47bc-bf3f-7010cafb8f08,6552d369-c8e0-41ca-8dae-e665b4e43bde,4ad0e6a5-110c-4c44-90ce-aeea907251e8,1496849353,Edge,,,,,,,en-gb,CA,Canada,149.163.23.29
296e8220-35a1-4b98-9d4b-5912bffe6ba7,16d3825c-9b2a-42a9-ae20-d6f35b5a9c4e,d08cb272-17cb-488e-bc96-1961283aba39,1496944090,Safari (in-app),,,,,,,pt-br,CN,China,65.71.151.61
f762f262-061f-4fc5-a5c4-21bb59d098a8,d9a0f3d5-7b13-4b93-a5d8-03b2ec484f0b,b11f60db-5a30-4168-aed9-61f109f9f8f2,1497006936,Safari (in-app),,,,,,,ja-jp,ID,Indonesia,210.254.217.189
c55805a5-07bb-47b2-8060-9a01b2b177bf,90132388-0be1-4a95-8ff7-52b7a9daa50a,5498d4c9-309f-47f3-b6cb-3a9c874b7916,1497102357,Opera Mini,,,,,,,de,FR,France,205.47.130.11
5fbda3b3-b1f2-4423-9701-2aebffabbc59,410617cf-29b8-4b4a-9484-11c62d326801,135de5f5-1852-48f9-a1ba-0a3dcd7ac97f,1497164335,Opera Mini,,,,,,,de,RU,Russia,91.151.88.31
02ef5e49-4c95-4fda-91ca-1d041d6f2bf5,1b395fac-f734-41a4-8a9c-1ccf02d67f50,d3bccdec-5aa1-4ab1-929d-c51488ccd2c4,1497236210,Internet Explorer,,,,,,,ja-jp,RU,Russia,175.40.39.208
f5da79d8-f2b8-4c81-9234-09b9a72f0988,0d74cfa6-183b-487b-b1a5-ead6410149bf,66fec75c-00ca-4c16-9c8c-a06e022c8b19,1497382323,Opera,,,,,,,en-us,UA,Ukraine,28.92.217.114
7b229ee4-e6a1-4813-a0d1-112221dd8c6b,c5241bcf-d080-4b34-abab-eca478b801fd,6ebbdb0f-f49b-4811-85e1-a042cd04b521,1497417582,Chrome,,,,,,,ru,UG,Uganda,23.238.35.188
f8fcb92c-4c83-4ef8-8658-170256ba0c50,edf3c8de-ea5e-48cf-a69a-06e37d50f5c2,248eea82-7057-4f9c-8861-dc9b5f104113,1497558054,Edge,,,,,,,pt-br,FR,France,134.94.92.187
0c112316-8903-482a-8ab0-95d97b0f08ff,4635f137-ccb5-4e3b-b3b9-7877adf21bcb,3b07b30d-0886-4835-8e06-6cf7d54d4bec,1497651533,Edge,,,,,,,es,FR,France,130.56.176.174
12887571-c55b-429d-86ae-305678b98368,93ffc02a-8c7c-4f16-9b0d-85aea707f739,9a921555-aebc-40ac-9edb-db9fbb8c5378,1497719643,Android Webview,,,,,,,ru,CN,China,238.125.65.8
efb3ca9c-e853-4606-a5f1-8170e10ea5c0,5dc95606-4d93-4974-b053-fbe429029c25,f51f6a10-37ad-41d8-ae01-dadf60000c90,1497794232,Opera,,,,,,,ja-jp,CU,Cuba,114.149.209.41
a258b4c9-ccf8-4dc7-a0d9-a6dec38e9e42,7e54ec08-1fb0-4838-9f53-6667e6024a78,760ac687-7b52-412c-858b-236d464710f4,1497854808,Opera Mini,,,,,,,en-us,CN,China,78.111.112.248
6fa84b52-254f-45f0-a434-a5dc18b9ad69,e7c471b2-ffa6-407b-b308-958151c334da,82319546-5cf1-4b2e-bd60-a8a8ea2162ed,1497974208,Chrome,,,,,,,en-us,LI,Liechtenstein,165.73.158.114
bfb3306b-5f35-4158-9c45-05eeab00754f,685abf72-57e0-4f5f-b412-009f073edbf0,652abd78-6cf1-47d2-8cdb-feb2ccf1b29f,1498161142,Opera,,,,,,,de,ID,Indonesia,240.203.132.75
6c39fd8d-b318-4f5f-9af2-c49ec14a92e8,519d5e8f-db4a-4660-9283-eda5fd6635c6,c48cda2f-9226-457f-8715-db5e0d27a21e,1498231944,Safari,,,,,,,de,RU,Russia,99.98.123.4
373e89cf-ea3e-4721-8a87-a4f6d443cbd1,a7f0f26c-8b55-472f-ac5e-6a3c53b4046f,fe491d86-dd5c-44f4-87bf-c26865ffc5a3,1498403035,Firefox,,,,,,,fr,CG,Republic of the Congo,104.52.13.188
2f3af3b4-74e2-4dc8-921e-d084a3c9fcb7,07b6c146-c20c-47ef-82a1-a159d1f25f4c,67bb748b-d285-4d43-bc87-d9b3f9d21435,1498499365,Safari,,,,,,,en-gb,RU,Russia,102.129.141.104
024b64ae-7504-4321-bea4-224514346d1f,588baec4-96e1-4fb3-ab5c-d89d35075909,34fcd46d-08b3-43a1-8b46-3424c239f0bc,1498586042,Safari (in-app),,,,,,,en-gb,FR,France,64.7.64.191
e0f283e7-cd2c-4e16-baf1-60a46bcc177c,dbf86150-9749-4ff8-bde0-2257990d7874,8e00dc25-f4cd-4765-8186-217ac34821b3,1498637870,Firefox,,,,,,,de,PH,Philippines,178.36.96.110
82a48675-7581-418e-a6e3-439fbdc6e312,279c3afc-929c-4380-8aa2-3fc666de2f7c,d5fcafc1-b830-464a-ad6f-1f70b33d0f66,1498754209,Firefox,,,,,,,en-gb,FI,Finland,13.104.56.84
be8dad4f-9210-42ea-bb15-8f6ee84f5465,2611b18a-4f0c-4abb-aa24-46eab6a39faf,f87177c3-17ea-48cd-ba9d-8d8ccba53033,1498811148,Samsung Internet,,,,,,,es,RU,Russia,34.99.245.87
f4143455-62e6-4b28-9a28-624a3ecc5464,565379e1-ad11-4a6f-893f-323b5177aae8,33cf2aef-7800-4aa0-b709-e643dd85fee7,1498941456,Edge,,,,,,,pt-br,CN,China,177.208.12.24
865bb389-ea7c-44ba-ac84-4bd52fd9862b,95a3ca36-2fcb-4cda-b127-425404ccd4da,29c0fc7c-be85-4806-856c-92a9da5ad08e,1499035300,Opera,,,,,,,pt-br,ID,Indonesia,182.39.252.67
e6092f1f-9b11-4810-93ad-6a07ac8ac193,97e18688-a9e6-44ff-8480-19f0386e8036,24496915-4ded-410a-b8ab-9c46659a0d96,1499086813,Chrome,,,,,,,ja-jp,ID,Indonesia,232.212.236.147
091a42e5-538f-4ec7-8ab5-196b361bdcae,a5c3b3c3-c6c9-49a7-af1a-4509cc77163e,1986ebdf-5fba-4dcf-933b-f16f17840edb,1499170840,Edge,,,,,,,es,SE,Sweden,181.23.89.75
3e5f5286-fcf4-4f83-8595-1d571387e41a,d0bf1651-0cfe-4dab-906f-c9f381ea67e2,fe450967-50ad-436f-952a-a4f3c8655c1d,1499279792,Opera Mini,,,,,,,pt-br,DO,Dominican Republic,147.187.86.126
332a7426-110f-4d33-96d4-40ee4911ece1,be8cf5ca-3caa-4cc1-9118-b4ca9a51b476,897c5cca-e4be-41cb-b89e-4313deb80be6,1499304566,Opera Mini,,,,,,,fr,MX,Mexico,56.240.84.187
1706804f-7851-4b2f-8fe8-5af797596a70,75446936-5288-425f-ac63-6258d889a9fd,16cd3443-d2da-49bf-a392-5ebb58169a2e,1499471145,Opera,,,,,,,en-gb,SI,Slovenia,5.161.53.211
bc6c4152-edb5-42a9-9883-96e2a806cf63,45455830-017a-4ff5-9692-7b4d32b0fd83,d020f816-81e8-4d93-a701-0c43f3eff5a6,1499515077,Safari (in-app),,,,,,,fr,PT,Portugal,225.104.99.55
350c1c25-c881-4cef-be9c-9e144ba44459,3800445c-1e88-480f-b6bb-ac02e8153e23,db3c9658-5995-430e-b0b3-43e50615d8a0,1499637916,Chrome,,,,,,,pt-br,TH,Thailand,210.144.220.5
cc2f7da5-55ec-49c2-90db-3b09ece47668,23bea9d8-6beb-4360-ba3c-1de7c273a5a4,a996c58d-a876-4475-bcf4-ec55ff71b6f3,1499663586,Edge,,,,,,,pt-br,UA,Ukraine,229.20.255.100
f0866565-280b-4f3e-b7a3-3f838a1a14c9,67ed4ae5-a06f-4bc3-bd2c-26ea643931ab,7d33fae1-972b-4c99-8ef0-8e1ec57a264b,1499764039,Opera Mini,,,,,,,pt-br,TL,East Timor,22.69.249.24
293938ed-6074-4bd9-927f-ed30c67848f5,749a969b-210e-41e1-b9fd-cbe000065f4c,5e37cc93-da70-4e06-b735-9c39b9c4b5b4,1499855856,Safari,,,,,,,ja-jp,CN,China,220.74.225.215
ee0db0df-cbc0-4f22-b3dd-f4a410ae9315,a0b111d4-1d4a-4a68-b380-9dab9b04942a,0d20fe72-1019-4fe6-8dfb-4bbe143d48cb,1499915587,Edge,,,,,,,ru,PL,Poland,99.17.137.89
b05c2ab4-1c05-4dad-978d-bce3ae08ecce,76761e9a-ea14-4ac5-8f7e-8e3a66a3c58b,9d186bfc-3ce7-4298-be76-7a7af5e817ee,1500030403,Opera Mini,,,,,,,en-us,ID,Indonesia,69.52.252.250
73befade-018c-4b93-b606-b5a16fc2817b,94ea67c5-9429-41f8-8c31-6777d89daafb,eab2c66f-8c1e-4f5a-a446-bcd368e68683,1500084225,Internet Explorer,,,,,,,de,TH,Thailand,127.54.66.239
633cdd37-a88a-4103-9389-fcc4b152bb17,bb316ddf-d6bf-4ec3-910a-035e7497a50f,b192e4cc-c8d8-4809-be7c-7fbfb20994c3,1500179334,Firefox,,,,,,,en-us,PH,Philippines,83.1.139.35
3b9f50cf-0795-4ade-8113-3fbd01233b62,b086050c-fc71-4687-a2c1-5999f43cf56f,f242183c-0ef6-449f-bd8d-3fa98e6511c1,1500334509,Opera,,,,,,,en-us,CN,China,32.134.60.147
ea9e31f1-0875-48d9-824e-17c1dea61691,9fd4e86b-1b79-4334-9e4a-5386aa376043,0754fb58-ba90-41f4-862e-7d428eedc328,1500341321,Opera,,,,,,,en-us,CN,China,81.117.62.170
06afdba0-45fc-41cf-85c0-e9645b46c908,4973d4fe-6294-4319-a7a1-01e3035635aa,564797f6-d334-436f-b199-a40357315986,1500492400,Firefox,,,,,,,fr,PL,Poland,161.77.106.165
69bf60ed-17df-41b8-801c-cbb35118bdbb,c94f2e4d-242d-43c9-874b-3109e55fed29,5e58ea70-92aa-448b-bb45-e161c4d82412,1500546554,Chrome,,,,,,,en-gb,PT,Portugal,173.251.27.25
bd487a6f-3d95-48cb-9241-b511052c4d97,eac83914-d673-4f2b-8189-9c7191b18891,f11ea8c8-21fe-4784-ac1f-59945f6e7400,1500662153,Safari,,,,,,,pt-br,HU,Hungary,6.106.12.75
61522759-eb41-4c3e-a0c7-99f35d82491b,6356cb66-7158-4663-bb8f-d92cb3890f0e,e3c2ced5-5f28-4b71-bb16-8927cf86b266,1500757433,Opera,,,,,,,ja-jp,FR,France,101.213.109.86
de97c06a-0d34-4971-b9bf-65d4a9d5499d,776498d0-3c45-4b94-b2b6-53cb4cf97405,a5e8e941-b4b7-42c8-8dd5-77ec79bc4101,1500813139,Safari,,,,,,,fr,CZ,Czech Republic,56.48.241.172
b4608a8a-f5da-4f7a-91e5-eeae33f93662,d2712bc5-78ae-4ad1-babc-94f43aff15fe,2f1cdb0f-0400-40a1-b37e-a17e2ce4a8cb,1501021661,Safari,,,,,,,ja-jp,GT,Guatemala,125.187.146.15
6eb7feaf-8432-4ecd-96b5-5cfc302d1c63,5e6a424e-4b05-4370-976c-1d70bad5657d,64f37cc1-6062-4a5c-88dc-68b65dee5b2f,1501038619,Chrome,,,,,,,fr,CN,China,196.77.63.55
7e4db74c-6882-4210-84eb-6e058ee9d0a6,a898e279-d0f3-4f20-9600-bae7621a9f72,c632beb5-42e7-429b-ac83-4d34dab7049d,1501178225,Chrome,,,,,,,pt-br,CN,China,151.129.194.83
b27b816e-b79f-4ce0-876d-d130417892ec,7d8196c4-967d-4892-817c-63a329fae1b8,84fa99bd-e297-4d5a-8b99-6fe2e3d6a0d1,1501276601,Safari (in-app),,,,,,,en-us,RU,Russia,139.18.7.29
8580fdd6-7dc6-443e-9653-ab9533667adb,02ce6a5b-fc54-433b-b332-817f6b566780,f9e8b4d0-7709-465b-9fe2-9cfd75d6b2a0,1501303498,Edge,,,,,,,de,CN,China,218.143.250.56
18c503d5-ec42-49b5-9f2b-a487a70e9fc5,22ddc62e-d835-4ab9-8776-876c1a3698dc,c7dd5f5e-214c-46d1-9c21-6c002e719ae6,1501423670,Firefox,,,,,,,es,CN,China,5.157.181.227
57613542-1a56-45d8-8d99-bcdf5231bdd1,f12c91f7-1c5f-4fad-806e-4d79d6f9b958,843d1577-99d1-4970-9480-606999a9df3a,1501505460,Opera Mini,,,,,,,es,RU,Russia,211.175.53.177
57d2c376-13e6-4132-98e1-b404a12b5f13,0a525c33-2050-42d0-a4e2-eb8132e00f05,2cd81070-c6dd-4526-96d6-764b68aff014,1501576290,Opera Mini,,,,,,,es,ID,Indonesia,66.56.38.191
f747253a-d24b-4d44-a8b8-ae6b9389404c,17567427-e409-49b9-9b30-0cb02daf6125,62709911-9ac6-4a36-aa1b-c81f069f3c9b,1501671987,Edge,,,,,,,fr,GR,Greece,202.164.181.84
1a4d2c70-5b69-478d-bae9-841e67ee0871,40b57aad-76c8-4338-bbf0-da147befda9d,0606650d-1812-4ae2-875e-c694a8d882fe,1501743506,Safari,,,,,,,en-us,CN,China,25.45.143.140
d600e486-77b4-4419-af12-e7c102f13684,1621d2b3-beae-4485-9cdd-54a4cfb6e93b,b9bdcb45-3a77-4584-b361-3b31139d241a,1501887167,Firefox,,,,,,,ja-jp,CN,China,164.63.49.66
086bff5f-d4b9-4ff8-9ffc-07ad4e7315b9,e38a095a-f9e7-437e-af1c-60ba1f396f4d,dee99cce-f342-42cf-bf74-4d581cdc8d0a,1501946703,Safari,,,,,,,pt-br,KZ,Kazakhstan,144.56.20.132
609dc8a6-38e4-47dd-a2a9-fa6e9c3ca741,41209c8d-03cd-486d-8696-cf9e8b9ea150,347651d6-4850-47c4-9856-5ed898f75453,1502062157,Opera Mini,,,,,,,es,CN,China,239.111.237.203
343a2ee0-e901-4d8e-802c-3ee5b36f12fb,da915ec0-4588-4cbc-b7d9-f592b4d3b820,788d0232-376b-411f-81ce-5873ba9b67cd,1502090785,Safari (in-app),,,,,,,en-gb,ID,Indonesia,64.64.145.70
7574e6dd-6790-44d9-9c05-cb8a0e545ea3,500d9587-7825-449d-a3e7-7ef6e4ca2b61,9b493254-931f-45bd-ba35-c1265cac2678,1502265346,Firefox,,,,,,,en-gb,ID,Indonesia,122.134.146.130
a41e7cde-5a83-4354-abd0-2c660427327d,26878b5f-3d0a-4146-8dda-af2f83c15b60,d781a523-7c83-4dd0-85d1-e22ef8a9dc24,1502409197,Safari (in-app),,,,,,,en-gb,PT,Portugal,100.116.17.202
1818dc8a-3a87-4492-b1ab-35c5ee60ee8c,2d0783dc-422f-474f-b815-2a61ccb974db,5993e683-1e07-4826-a30d-d2e3bac50f20,1502441636,Samsung Internet,,,,,,,en-us,CU,Cuba,185.220.195.236
49857f08-d58c-4056-9ec2-e167a93c8ccb,58406532-385d-42c2-bf5a-6ef352149eba,6fc0e19f-4698-426e-a0f8-e58986cf037f,1502544442,Opera,,,,,,,en-us,BR,Brazil,93.230.81.124
cccea387-5cef-490e-a7d4-5baf7c14f5eb,c5e5a54c-1bb8-4663-b3a2-f414e47b92f5,379fd0bb-d8f2-460a-aff7-d143b3ae3bcc,1502653290,Samsung Internet,,,,,,,es,PH,Philippines,242.118.120.125
5848825b-3322-4cb7-9f20-029c56aff2da,7ef11821-890d-441a-b385-0c23f48ecd1c,fb7571b8-efa7-41dc-a283-a0ff2f195089,1502719563,Opera,,,,,,,en-gb,CN,China,100.170.197.0
331f7f03-8794-484d-a00b-9ce55a414d2d,c6dbb644-7dc4-47f1-ad64-0a4ff0b9941f,bd107dd9-ec6b-4859-be36-1ff1a18d1c3f,1502784463,Chrome,,,,,,,ru,IE,Ireland,146.172.65.15
9bbda9c6-bf45-44c3-b819-71d87e74ccb0,cf14f033-0370-43bd-9040-433f88c0318f,1a56be2a-fa95-4a89-8513-336e5ecc06a4,1502914277,Internet Explorer,,,,,,,de,UA,Ukraine,51.187.88.88
df0e6235-0a2f-4af4-ac28-16eefec0affb,a0613f8c-81c5-4f3d-8e69-e3f7e26b3362,b5bc493c-9ced-4cb3-96a0-6a590f33337e,1502997019,Safari,,,,,,,fr,MN,Mongolia,60.2.207.43
9777d5bf-253a-4b28-b3a7-706ac3113ba7,9cc76583-ba14-41dd-a7ef-c8e055aaea4f,923d1e63-ed96-49bc-8408-baf39ad90cd0,1503038449,Safari,,,,,,,ru,IE,Ireland,42.108.137.179
ad2b3f2b-e91c-4ecb-b3e3-72d7b2e5acd8,866fdfe6-33b4-4ec6-8630-06adeaa7caed,99d9c046-6f66-45bd-b895-57751d07162f,1503161157,Opera Mini,,,,,,,en-gb,FR,France,102.172.59.118
38f99c61-e39a-46ac-9f98-b24d0d305323,adaee59e-aa0e-4b0f-bccd-2575efede344,7e5c2f8a-67d3-48c7-b6e7-1105c2a51d30,1503259699,Opera Mini,,,,,,,ru,ID,Indonesia,121.88.189.150
38af2578-60f7-4a4f-b305-41a6410ca07c,62722684-8e8b-46b4-b593-112a5c77af34,e7d6edd9-b570-49eb-95c2-5e99e8635ebc,1503438132,Chrome,,,,,,,ja-jp,CN,China,179.14.161.100
24823ac2-c22f-4796-a232-caac05567d46,12bb05c5-17a1-42d9-9352-19568209edc3,3d708d66-18c3-4a4d-8470-f545e7d17d83,1503519763,Android Webview,,,,,,,en-gb,PK,Pakistan,204.94.137.179
930aed40-b797-4256-857b-74b3c1991d8d,ead43d02-9b31-4ef6-8fd4-309be57b710a,e2d75d99-e0d9-4594-be28-7ce568c13ba7,1503575557,Samsung Internet,,,,,,,pt-br,RU,Russia,49.249.80.196
67f948ea-375d-4131-8c46-dd3d89e910b4,942f040f-52e8-474f-a112-641755f0f87d,ff6de3db-82bf-48f1-b393-9233b312a3dd,1503654198,Internet Explorer,,,,,,,pt-br,CN,China,153.230.194.221
295921d4-ad20-4d8c-8b1a-27c027dc43b5,b294c48a-3a32-4bcd-9cbf-4355523f929e,ab8f404a-b40b-4890-85e7-deb259a1baa8,1503759378,Opera Mini,,,,,,,fr,MU,Mauritius,106.17.181.196
5074257c-c910-4536-adb3-4351ae57edab,8a979a33-e1fc-494b-9a58-6fecefae3408,67fce7ed-7a9b-4793-bc3b-d44d0d2920e5,1503865041,Safari,,,,,,,pt-br,HN,Honduras,121.217.90.90
0c95a326-a069-4c28-8afd-3d75065ff496,3c586286-b794-44a5-bbcf-8eaf0720bdd6,648ad9cb-1891-4a4a-86a6-94d328cef3b9,1503923417,Safari (in-app),,,,,,,ru,SE,Sweden,181.81.240.171
f4c9d1ac-4d05-420b-8f76-d4699ff40b8e,eed27980-3c7f-46b4-af3e-8029b034a348,c29b63cc-974f-46bf-a920-20892f6bb925,1504018393,Internet Explorer,,,,,,,ru,JP,Japan,135.96.208.75
47826e14-4611-47ff-adb9-cc37c50e913d,cf940276-e417-4099-82e1-6b03087674d1,50110a77-5d14-46df-8746-0f8a1cbcb725,1504128774,Opera,,,,,,,es,ID,Indonesia,250.213.38.186
821bbc1c-2812-4553-a265-697e89f5d8bc,d164a4b6-bcc6-4953-aa35-173b2bc42d34,9522f670-e9ff-4539-9d27-a67d75984405,1504206224,Edge,,,,,,,fr,CA,Canada,78.19.175.156
211b32e9-82ee-405f-ba38-1d4ff28a20be,a1ecd2b5-4130-4734-92e4-09918dc5a0f9,d010221b-a98f-470b-9cc4-cc13d94fa6ca,1504232738,Safari,,,,,,,de,CA,Canada,83.121.23.175
f337d9e3-b05b-497d-b3cc-e076654bff24,71e7d6c2-d4d9-4492-8180-0e6c062868dc,5e3491fc-6d1a-4318-836c-fb2b045c48a5,1504365136,Opera Mini,,,,,,,en-gb,CN,China,4.28.146.180
5e152aa3-2112-4213-b259-6814b9aafec1,f0ad5b80-2dd5-4432-afbe-8ef038f4be60,823217ed-579d-4a7c-867e-9c47995f27d0,1504431356,Chrome,,,,,,,en-us,JP,Japan,33.160.164.4
a10bd64e-73b5-40c0-a1a9-920fabfcee65,f12cf189-fbba-4435-9c3a-0f32fa12c6e3,abf0f97e-ba1f-4664-bdc0-efb21156bda6,1504537127,Chrome,,,,,,,de,NE,Niger,1.171.169.203
313c3bee-979b-482c-b1f6-1e7bd688f955,8495fe23-283b-448c-8073-dd5b6b80608e,16ec5bca-f946-4309-bea2-e2c7140bad11,1504624596,Edge,,,,,,,fr,CN,China,135.180.80.23
677e807a-553a-4793-9cd3-026d57737571,8d06326d-4c2a-4220-9c51-0cadf7a323a5,c0156d38-f952-431c-9ed9-832e25627e17,1504706236,Samsung Internet,,,,,,,fr,AR,Argentina,58.94.19.125
03c46901-54ad-4738-80ec-1978be7d09ed,0bf6d243-f707-4aec-a8dd-8f390d2f2b38,ffff3dcf-5e69-48fe-a42a-0bc3a3a9830f,1504759638,Safari (in-app),,,,,,,es,AO,Angola,37.134.31.223
73c77e6a-3c22-4f9c-a11d-6e99d6d5effd,d0582b3f-74a6-4848-b54d-3dfdf26f14bc,106b5765-0344-44e8-859e-c8fa5de5ffed,1504890943,Samsung Internet,,,,,,,en-gb,ID,Indonesia,214.167.137.174
f6c90a1e-4f3c-4bbd-8738-63518bd02cb9,2a1e697d-91fd-4aac-bca3-3c5d57ff937e,3c89db7f-1be3-41f0-be83-1403b6da3293,1504930014,Edge,,,,,,,pt-br,MG,Madagascar,28.222.188.245
39ff7ac2-6324-4ee1-8b1c-020e6d8fb2bd,e6e9ce3b-4a3e-452a-bdc2-2385dba1142a,8d8332eb-5945-4316-9a77-6abd6005358d,1505051713,Samsung Internet,,,,,,,fr,ES,Spain,169.193.200.219
aba965ed-cc90-4f01-b018-024e1130bad1,cc0a021e-bda6-4ab6-b4e8-e9cde2e181dd,d65db5ef-f148-482b-80a3-450cbdb763bf,1505110455,Edge,,,,,,,en-us,ML,Mali,30.195.25.242
514bead2-93ff-4e6a-8dee-f30e1399d549,99f00a13-0ce5-4a35-a8c8-4e2c3f94c8be,16a5f9d0-9d4b-47e7-8b74-f921bfc43df7,1505186177,Samsung Internet,,,,,,,pt-br,CN,China,117.88.118.195
d36a9538-7b6d-407f-9cdf-5050b4ab3b9a,741a89c4-8ef0-4849-9a23-35fb88615e16,5e5e1bc1-112e-4d30-a4e2-4c33ac9ec706,1505381432,Safari,,,,,,,fr,CN,China,118.242.69.215
6ef1561c-084c-4747-82d4-11906c418eb3,488717f7-37ea-4f56-b2fb-3cdd6b987b78,d578e60a-aa20-4ea6-a2e9-a13f5f0f6bb3,1505478411,Samsung Internet,,,,,,,ja-jp,CN,China,171.186.77.98
f1b2bd33-355e-43c2-83cb-7f62f1a14003,b215ad11-e95b-4fa3-a334-4f1888e371de,d2272b51-a125-4d00-84a4-6b276984ee6c,1505584084,Opera,,,,,,,en-gb,BR,Brazil,125.140.215.31
d63e9d27-1f08-4622-96e8-006563cf655a,c6a669bf-faca-4460-ac0f-3b071190414b,b5ac2b81-5750-46ce-bd90-14bb55cb8f6b,1505619623,Internet Explorer,,,,,,,ru,BR,Brazil,15.76.241.185
26901249-afed-4a8f-a1b8-97787e88cde9,cffa9137-f493-4723-ace2-9b9af1c87239,3b23322b-9188-43d3-a5bd-0292ec2d1feb,1505703817,Android Webview,,,,,,,en-gb,ID,Indonesia,4.146.219.203
88751174-674f-4447-b4eb-b2227a6463d1,144c17a9-d787-4917-b828-e45c6553c724,9a7a16b1-c3a3-4e99-b4e1-ab491fe01ad0,1505826070,Edge,,,,,,,ja-jp,RS,Serbia,105.78.121.233
7efcac59-88e1-46ff-a94b-c286ecebe016,928f2646-0640-4579-8218-277c51868606,9280f5f1-98b1-486f-aad8-c894a43ab833,1505889612,Firefox,,,,,,,ru,MX,Mexico,120.0.218.162
71d20355-a6cf-45e8-a4e9-be86817a370f,cb690789-69ef-4d1f-9dcc-33c58b58f153,9109ad49-c067-45c8-b7ba-10e018560b60,1505990470,Safari (in-app),,,,,,,fr,BR,Brazil,181.209.236.212
b54788a7-a698-45c1-8ae0-a47b2f1b5124,95afe8e2-6a15-41cd-af67-8fca1a87489c,ca1e1cec-e12b-4f86-a07f-f161f783bcac,1506045705,Opera Mini,,,,,,,ru,CN,China,210.112.39.124
289fcab9-7264-4eb6-9ba8-117112d54b9a,649a0f89-7423-4a5b-a828-266206cf9c00,6061e376-d56a-44ea-a6e7-d220ed703deb,1506133558,Samsung Internet,,,,,,,de,CN,China,0.33.229.251
40c60d72-e8ac-4626-b1d2-4295b4309429,d811a5bf-d663-4830-95b3-5d434bdb5a0a,fddd085b-fcba-4eb5-9b31-df587f568262,1506277641,Safari (in-app),,,,,,,ja-jp,ID,Indonesia,46.26.49.162
ef4e62a1-e7cd-4925-8ddd-c89fdd184185,66fe04c9-e358-4683-a24a-7e5faee94250,398316cd-31c9-49e0-8e0e-dd895af818cd,1506298884,Safari,,,,,,,es,IE,Ireland,147.42.111.251
606ea42d-ac79-4cf2-9eb8-8d2bb9a332b3,ad25d069-b9d5-41df-a200-d313905b1b5d,20342a50-b5ee-44a5-9195-a60d8f6a256d,1506394476,Safari (in-app),,,,,,,de,AR,Argentina,116.144.175.34
8ea4c26b-f4a8-4669-b1a9-64c800b3d345,66d9f10c-1ea1-473a-925b-bc26155fd34c,3264dfbd-55fa-40bd-a15e-d9bdf76c7264,1506548397,Safari,,,,,,,de,PH,Philippines,217.21.214.162
22d3a60e-9ec1-4c36-bd9b-9ec266291ed9,bfefe5c3-803b-440e-8758-d33a66c3101f,d787d860-de51-4863-a175-98ef18c44c44,1506565308,Safari (in-app),,,,,,,ja-jp,LA,Laos,116.249.36.79
5fa262d9-c194-46f1-8e08-7f3b4407a22a,5f3f76f6-1a00-4ec1-a2b4-91a059ab9a87,2fd26cfa-fcea-4ef7-86d7-31393e8e94dc,1506664925,Edge,,,,,,,ja-jp,CZ,Czech Republic,140.76.222.31
6a85380f-7add-4973-9569-128a36ba92be,a0f4700c-616e-4d58-880f-172af1f7590c,15309dba-04b2-4370-92de-e3a132c2ac35,1506787650,Firefox,,,,,,,pt-br,IR,Iran,60.47.33.28
126e3d45-be32-4347-a382-efda4b709344,8c0513f7-ca52-43ec-b06f-9b9659cf0111,0d8c304f-c627-452f-b838-bfe1e35820cc,1506824702,Opera,,,,,,,ru,MG,Madagascar,172.169.239.214
595767c3-08bb-44b1-b643-2df2a3732bd0,d8564441-34dc-4d9c-be4e-7ae1952adf71,9fccc4a8-ea02-4a22-b5a2-8a2f09421e3c,1506957730,Safari,,,,,,,es,GR,Greece,77.170.122.126
6cb48231-78fd-439e-a1d8-9b0545670284,cb34250e-7254-4a0d-a840-b8fdd30a5673,b7eee9aa-e85d-48f9-9dab-50b47ad7e6b1,1507046061,Chrome,,,,,,,pt-br,CO,Colombia,91.246.34.183
0b0c2b81-c233-42ce-b42c-fe916c636c6d,71e1cd29-3a0b-46ed-a9ad-8f41f96a0644,4be227aa-525d-4fbb-b159-f2786e9ed0af,1507107260,Opera,,,,,,,es,ID,Indonesia,106.22.163.123
e6393e8f-f6de-4c0f-8716-83b726913801,7154f775-b225-46b6-9b7c-d84df263399e,036f3726-75e1-48a4-9e09-1a0f5422ace5,1507220624,Safari (in-app),,,,,,,fr,NG,Nigeria,223.152.191.245
b2975635-c398-4173-b8e5-1128d31fed29,ce530043-3bf8-4eb1-8e00-7ef7728c5520,dcfbea83-9895-4006-8f64-6bd4c16aedb0,1507266764,Samsung Internet,,,,,,,es,UA,Ukraine,154.156.184.120
9f38d7ed-4e9a-42eb-8229-39fe2315d43e,e90a9dac-580f-4c6e-bab5-f4286ffd480d,bf3e4a36-29a3-42ed-94db-5b8de925d162,1507361005,Opera,,,,,,,en-us,FR,France,150.30.15.41
03407341-362b-494c-9104-6a8c5bc58ef2,2bf07290-fcd9-4600-a547-16a2dc8d6ab9,7ae144cb-8c1b-4e60-9150-6d66d72dad6b,1507465224,Samsung Internet,,,,,,,ru,RU,Russia,247.114.210.114
4fc41cf0-ac1d-43b0-aac6-dbb942c70b43,e1cbb08f-2603-4735-b4d0-14a2ddc16862,3998d0d9-aaf0-4d6f-9989-0bc16295c529,1507548093,Chrome,,,,,,,en-gb,CN,China,64.165.135.198
4d4449e1-c20c-4a52-81db-514ef7712f04,6e07d3e5-65d2-4b99-bcea-1208bde48e58,e7c1ce05-ef38-4f69-9d98-0acf8db41bb3,1507655511,Safari (in-app),,,,,,,es,CN,China,67.174.18.204
f774d595-25e0-4d19-87e7-884ba526b750,dcad378a-d8d4-4db9-9441-84ed91e2f960,aff5c463-d40b-4ecd-a102-5f5ffd793ee2,1507708693,Opera,,,,,,,en-us,PH,Philippines,140.181.243.233
494e5537-6ae2-48cc-b1e3-a2626e6cfb7d,cc21303e-2c95-473f-ace1-9cf56dee5747,51b9333c-9d74-41ac-bab6-d8ee3e3c63c7,1507795599,Opera Mini,,,,,,,ru,PH,Philippines,109.31.147.215
367f95c7-ea4b-4817-a7ab-da570044a8dc,2aff922d-95b9-4c39-8ee0-07f2794fe6a1,4ac27063-1aa5-4fe6-bb00-53c09ccfc4a7,1507892095,Edge,,,,,,,de,PY,Paraguay,32.117.238.254
9070602e-162e-46ce-832a-2fd0f0db0d98,e4afa9fa-50d2-444a-9a26-d4ec9ae9e053,2b334e94-bb54-4a22-ae4f-d30ceb456ad0,1507988005,Samsung Internet,,,,,,,fr,CN,China,104.139.157.103
53d8c7c2-93c6-48a6-94bc-71a7de507101,7693fde0-fa13-4d48-8c56-9c6c43be3a2e,b449d5fe-964f-457d-a2b7-2ab0f68ea4e6,1508062807,Internet Explorer,,,,,,,de,PL,Poland,99.154.100.46
d25cfbc7-ef4c-4ba4-a981-aa514446ea02,c4542051-5996-4c11-8472-ed8e078518bb,ddf668b6-fbee-4afb-a6f1-7b0f92975679,1508178284,Opera,,,,,,,ru,ID,Indonesia,96.83.71.103
0bfc1231-99ce-4c2f-a549-34bd140a3b61,db9a246e-f752-4171-b9ae-d8bf6958e1ba,cb8c4fd6-8ad4-45ae-aaf0-4ff8357d6549,1508261388,Edge,,,,,,,fr,ID,Indonesia,186.227.50.146
16a27d3c-7c9d-49a0-b790-4c46f4924d96,d33a2b63-a382-41c0-b7e5-85d4f9faacff,ff4a46f5-17be-4b49-9318-7348ef36f2b0,1508295047,Firefox,,,,,,,de,CA,Canada,112.139.252.224
5a77c5e2-a40d-4b16-9acb-121abc868604,c8ac362d-e030-47d2-b4ef-d83c9cfc2620,45d09568-c139-4799-b4aa-78b84047105c,1508441907,Opera,,,,,,,fr,PL,Poland,127.51.87.1
821b9403-24de-4723-9afd-d26b693fa186,b7c652ea-1c74-487f-83bc-95a18d6f007e,3c0f03cf-1dd2-4b38-bfd1-2d6db9a7f16b,1508476734,Edge,,,,,,,en-us,CN,China,9.108.250.75
edf516fa-89a8-443b-8849-87d5a6626072,f54f23d3-0403-4890-b168-97cb4dd016a8,2ec59ed3-f22c-4c48-9ff2-63921e963552,1508595459,Edge,,,,,,,en-us,CN,China,115.175.226.58
9ac628cb-f5ba-403e-9f4c-c2fbdcd47282,2260d583-ec10-46fe-9e8e-b6a0f0be12a0,cee425d9-25c5-4fb7-8904-37d68280c268,1508641818,Android Webview,,,,,,,ru,CN,China,93.58.116.127
dcb43f95-29d3-4426-b05f-d4f16c711f3a,7b4be997-2418-408a-8b4f-b7073d4c5991,665fa334-77bd-49dc-996e-1f13b0076052,1508781897,Samsung Internet,,,,,,,fr,GT,Guatemala,125.230.69.157
f79cea4e-8b91-4005-b2f7-c746cd76589d,786199d2-8d1b-4551-8233-64c0bcb6642c,35dda87f-640d-4ee3-a2f1-e0e29afefd33,1508821114,Samsung Internet,,,,,,,pt-br,CN,China,210.33.96.234
071f0852-370c-45aa-be6a-668f910fc856,30ec21f7-0b0f-49b3-adff-39d2b3eabe8f,697da6db-3478-4da5-9eca-f425126da695,1508971158,Opera,,,,,,,en-us,CN,China,132.236.170.167
1ad2bef3-bb26-43f8-a6c4-b39e46474cc0,34c8fac1-5591-4ca9-bf64-b053c9f0a164,ad96113f-2429-423b-9459-ed46f4f116ff,1509029502,Chrome,,,,,,,ja-jp,UZ,Uzbekistan,221.89.157.131
1683473a-6093-4534-96ae-93b411719206,07460247-d2e0-4d34-8981-76a1d5a29973,d84374ef-f7b5-4bd3-92b9-6ac12ea45e77,1509145461,Chrome,,,,,,,de,KR,South Korea,96.237.38.176
8b2038fe-33e5-4430-bc5c-9b193ed2a745,f7a7adb1-0c64-400e-95bc-60bb79ddb04a,7aba6fd0-6a7e-4b0f-be14-46207f04e4dd,1509233655,Opera,,,,,,,en-gb,TH,Thailand,47.64.213.105
4f04108c-6dac-478a-a038-0a438e49a797,de846e1e-ec92-4142-bfb3-fe834fc58b24,cda21243-1cf7-4811-81b7-4e92e3361bf7,1509249325,Edge,,,,,,,pt-br,PE,Peru,217.171.253.48
93a599dc-cfae-4eab-b138-19e68a63cd32,f0188f84-a027-46fa-b2e0-7d64d51317c5,28eb5e4d-1495-4ad9-8ca3-cea4b5b554d4,1509403097,Safari (in-app),,,,,,,es,RU,Russia,9.245.90.95
39f9adb6-c367-420a-bd63-8772fc8185fc,f1322bf9-73ec-4cad-be5b-d4224cf5658b,e4e8d49c-1c1c-4ea4-b301-e7657b44dd91,1509479231,Samsung Internet,,,,,,,en-us,PH,Philippines,13.82.188.88
f7546be0-3233-485e-aec6-af4b387e76de,fe0f2d5e-d433-402b-8406-a112d6f67685,2d10e7e3-e65d-477b-a5c4-4b71538fb77c,1509500765,Android Webview,,,,,,,en-us,PK,Pakistan,191.55.118.35
61911edc-263f-4459-917e-e1ea72c12616,cfb5fa15-5a2e-4c9e-9a73-6b51fc39145c,d71763f4-a943-40f9-8b46-cd4265c6406e,1509613803,Android Webview,,,,,,,fr,YT,Mayotte,194.163.54.10
e8a58687-dd2d-40ee-ae2c-7e6c6f7c8f46,44dd2699-53df-435f-ae8e-96c0ac6bdf07,b04c50be-343f-4bc1-b63c-a7ae1d47f995,1509723970,Android Webview,,,,,,,de,CN,China,25.138.61.221
9d12a2aa-8138-49ed-8581-10442e320ad3,5f8530a2-c41c-491f-b5a6-ab3ef6c41290,d60502d8-004e-41a3-afd3-9bb077c185fb,1509823707,Chrome,,,,,,,ja-jp,RS,Serbia,167.189.225.154
edd1ea0e-1b6a-4cce-947d-b02f03e3c24d,fd8752ce-f98c-4a09-bfd7-05f59153ff7e,579658f8-9979-4897-9828-84190ef4996d,1509895754,Edge,,,,,,,de,SE,Sweden,106.126.164.219
95d0d47e-c975-4eef-bf37-75be4da86637,ac080f98-aaa0-47b2-ab45-db55139564ae,260ccb80-e89d-4225-9027-35771b0197d9,1510005515,Internet Explorer,,,,,,,es,BO,Bolivia,36.162.164.49
83ec61d5-9276-4ce7-9045-6d7a04187f37,3e356e49-6bb1-4c26-a4d3-fe7fd5da79eb,d9f20e19-c319-49ed-8a08-c5977d7a729b,1510085032,Chrome,,,,,,,de,ID,Indonesia,166.33.106.145
06bf1043-4ff9-4650-935f-fd63638befac,b030ff01-e390-4793-8c2d-e49f7ecbc417,4981934d-5ff4-49db-a63a-7882b8626384,1510109516,Samsung Internet,,,,,,,en-us,FR,France,21.63.175.94
0ddde08d-7746-48da-ba5d-db914e252d03,ad9af1ab-3c82-420a-8e67-16b1dbdbd118,8bc73f23-12f1-4845-a79b-3ce942a126e6,1510258089,Opera Mini,,,,,,,en-gb,RU,Russia,116.54.124.194
f94efce9-d487-47dc-9eb3-ccc64d2e9691,11fed882-e201-4b8b-94de-d891a358ddf4,d413d0b4-dbd7-4520-a42a-13ee19d24120,1510289176,Opera,,,,,,,es,CN,China,35.178.172.23
8bfc42df-1750-4350-8b92-53b6b55cdb5c,0cb22c7f-54f3-421b-85bb-d30e382a69b8,a3eb7fe9-9510-4f8d-8e66-5dc48ec8d292,1510416935,Opera,,,,,,,de,PL,Poland,146.196.242.30
4b6c4016-576e-4de0-8a88-9dafa72f10e2,13de2ac8-7974-4602-b833-1a59130b54e9,21a6681f-78fd-4edf-9443-2614336f3aed,1510448419,Android Webview,,,,,,,pt-br,PT,Portugal,130.55.173.99
310e4c91-3e3e-4627-8a6d-09783e8af01e,1bc6ad64-becb-4c19-841e-3000051c0a9b,2ecf0b5e-f273-4eb5-a567-e62266dc7d18,1510597114,Opera,,,,,,,de,ID,Indonesia,51.152.208.72
438809d3-d650-4b7c-a94c-ef0f11393116,91704d0c-198d-43ef-848c-a16e8488896c,a06439e5-4b80-4034-b27a-c6a841bf2806,1510743165,Samsung Internet,,,,,,,pt-br,TZ,Tanzania,38.82.9.150
7249923e-527f-4733-9952-4be6c2905ca4,5371657a-040d-459d-8dfa-77f0c4f298fa,4f350aed-c193-4b87-b5f1-6a2233e86514,1510862626,Android Webview,,,,,,,pt-br,ID,Indonesia,202.206.239.60
9d6e19c1-84b4-4ce7-8a59-2bfb651cc104,701778a7-239f-49ae-9cfe-fa1a98f47635,25681695-f2f3-4603-9c65-be44c8bfdbca,1510934411,Edge,,,,,,,ja-jp,PE,Peru,119.244.142.76
32281a13-44bd-459e-acf3-9d55fff3a9d7,30ff94cc-c317-4649-8151-dd6ca1462ae6,41bb7b40-580d-43d6-85c1-44aff243e9a1,1510984390,Firefox,,,,,,,ja-jp,RU,Russia,139.100.115.245
e58f5beb-e7df-4501-a367-0bbfa34266c5,b655e450-1166-4020-ab40-cc14fc6079ef,a286f2cf-5ba9-4d1a-99bf-4b17798d7ef9,1511094946,Internet Explorer,,,,,,,pt-br,ID,Indonesia,251.95.101.32
b067865c-9c0d-474f-b5ad-c82c451274ac,d9f583e9-3c8c-4d87-8e0f-8a4a8cb87cd1,4ed0a43a-95f1-40c0-8a62-b1254d95509d,1511170804,Android Webview,,,,,,,ru,GR,Greece,220.188.32.55
08127cd4-53de-4cdb-bf2d-9a2b83c8459a,9443034e-7572-4e52-b3ee-e66555a24743,8fc301cf-10a8-4c1c-9b83-90047b461ef3,1511224355,Edge,,,,,,,de,AM,Armenia,90.125.39.52
c7ce700e-2d48-4f70-bd3d-cea5a50254da,f090c740-127f-45c8-9a29-c6dc25ff7aa3,772aa8ef-bfcd-4d75-9bea-bb75404248b7,1511315381,Android Webview,,,,,,,ja-jp,TN,Tunisia,49.211.29.72
c37168bb-a8ba-41d4-ab95-1efecf631979,a9f74004-f876-4ba2-b0a5-34e0030086f9,4b0ff8d4-19c8-4835-b864-748ce68d33cf,1511434614,Safari (in-app),,,,,,,en-gb,FI,Finland,219.55.114.149
ad6009cf-a397-442a-9aaf-1d36d7bfa69a,1195e499-64bd-459f-9069-9e4b5e33183e,314532cb-b47c-49d1-bf24-f73ff90fe29b,1511523005,Edge,,,,,,,de,US,United States,91.217.127.194
00ae7c6d-daf7-46ba-b420-4143a70f2503,8657f33d-88bb-4196-8b2a-3c28cda2fdb1,fd5c9118-4158-441a-98ba-a12f34857389,1511643736,Internet Explorer,,,,,,,ja-jp,IE,Ireland,55.191.8.147
0361ea99-224d-4b30-8640-d7594f07c128,fac9180f-ac0b-4288-aeb8-b4c30d3b17e7,717307f0-bfc8-4ed5-9610-5fdbdb972f77,1511739131,Internet Explorer,,,,,,,de,ID,Indonesia,146.25.249.72
ef5b2b2a-9eac-4975-a4c1-a9f46eb39ca5,953e49c2-815f-44a3-af56-eeece92a9673,145ef9b6-3f7a-4fb0-8fb4-150c39c8f7a8,1511890849,Android Webview,,,,,,,pt-br,RU,Russia,109.208.235.147
04d765ce-63e5-42be-8364-cfb03880e350,b8c1d6c5-3bd6-4f40-b60a-f00fc3f8135c,b62856a8-3890-4289-926d-c40ad3f346d3,1511943584,Internet Explorer,,,,,,,en-us,ET,Ethiopia,59.86.82.48
1efbfa35-dcce-48e0-a848-b8d236baafef,b7de5926-1f3a-42eb-92e1-b8069992b4c3,3e1b7e04-a1d3-482d-89b7-d24df89867fb,1512035615,Chrome,,,,,,,fr,KZ,Kazakhstan,90.35.236.13
35597973-ad16-454d-9cb7-7aaef6f29eef,d4ed1b25-72b8-45b0-b372-3e52a7093025,eca3a1ab-29a0-486f-bec2-5ab483f64286,1512156265,Opera Mini,,,,,,,fr,EC,Ecuador,24.12.1.173
012c3b6c-bbe2-4bac-aab1-83641f4b99e0,440e84d2-cd1a-4ec5-bffb-6e45071d0e38,1a8977a6-cb3f-4e2e-9fb7-3ccb251b6ff8,1512257788,Firefox,,,,,,,ja-jp,RU,Russia,105.229.211.247
c7da4950-34b7-42e2-8a21-9158136b9efa,c288a5ad-23bc-455b-a501-213f10436999,7f53ee25-5cb1-4ef8-bbc6-e2cea5a590ae,1512298876,Opera,,,,,,,ru,ID,Indonesia,164.131.190.14
77bb2955-b0db-40dc-ac44-e35c7c3c81ab,a6cb4f2f-6c11-4651-acef-d3967fd391c4,9c883162-1990-4d70-90a6-32fe045b9dca,1512511931,Firefox,,,,,,,en-gb,RU,Russia,75.40.10.174
6fc6025d-45d2-4b36-b624-fde28825c26d,e279f42a-cff2-4a3a-ad95-f6deeecc3943,f18895ed-f37c-47b0-a6ad-89f5bf085603,1512595347,Opera,,,,,,,en-gb,RU,Russia,208.117.120.160
bf82c61e-4813-4fc0-9042-a37c2bd58ffd,5a891739-b963-48c6-baca-01613531fe60,d0667d5a-3e18-4cdd-96a1-32e918b5376a,1512635228,Chrome,,,,,,,de,ID,Indonesia,105.21.107.193
a44e5ace-1306-42fd-bb1e-3f0b13ff7d29,8f82b630-1412-4a80-aebe-21c2cada15d0,195be31b-bee9-4e37-b8c9-53dacc072730,1512711337,Chrome,,,,,,,pt-br,TH,Thailand,220.214.246.62
2eb22890-0c49-4fc6-aca1-b0f220663fea,b356c2ce-4ee5-4787-9874-cb152d7c4ea4,1a1a077a-3ca4-4eea-a389-9fb8903674b5,1512818896,Samsung Internet,,,,,,,en-us,RU,Russia,151.119.68.115
b2d0e41a-7667-4d4f-a004-faf9ce2a787a,78676fc9-9304-413c-8dda-8552ac62ae16,b0b41f9a-57a3-4924-9ee8-3c0648028b75,1512912598,Safari (in-app),,,,,,,de,TH,Thailand,225.126.249.168
2f0e0d50-48d5-4b8b-94d8-c4ebc8f4e103,97e207f3-dd75-41a4-b689-f86ee66bcbf3,636af711-c413-4399-bdb7-c6b9ddf76852,1513021795,Opera Mini,,,,,,,es,CN,China,162.85.68.56
cd411133-b9b5-44ab-a68a-4a6e03fd72f1,9eda065b-503a-4094-90b1-ea39da0ce9c0,20bfd98e-f8a2-45b6-a6c1-7346e109272a,1513116522,Safari (in-app),,,,,,,fr,ID,Indonesia,145.135.92.101
099b61d8-fb7b-4b24-8aa8-147c4fabc5fd,f601f072-b7d7-4150-8a15-0ce518acfddf,713000c4-2f3e-4cbc-b046-b83fb399f70f,1513174523,Internet Explorer,,,,,,,ru,JP,Japan,144.184.81.134
e6561674-22e4-490b-97eb-17325ea60cbf,efa24fd0-1ed7-436a-a165-83fac055c31c,d8cfa8a7-c07c-4cd9-91a6-60a1d23c4235,1513243252,Firefox,,,,,,,en-us,ID,Indonesia,246.13.131.138
f7fa6faa-e492-4a66-9f87-5ea8b9971a3c,73df608c-6912-4421-87f6-244ac7d6a667,55aadf7c-2f1f-4eab-be7b-c981a0cbbfcc,1513385266,Safari (in-app),,,,,,,ru,DO,Dominican Republic,255.216.197.223
,070a0d08-7c5d-47a1-bc4f-868780c57912,816a7e05-4464-45a8-98b4-acc598e040cb,1482031505,Safari (in-app),,,,,,,en-gb,BO,Bolivia,68.106.19.199
,906ecd4c-c066-4544-8dcd-b2d4478251f0,c172a64e-0f2b-4b62-8af6-68fffab3cb6c,1482210837,Safari (in-app),,,,,,,fr,UA,Ukraine,40.4.157.243
,d84d031c-26b1-4467-a7fb-8c18ebf0dbd7,07202617-635a-4a87-9cdf-8e6d3692ffbb,1482326962,Opera,,,,,,,ru,ID,Indonesia,112.11.190.245
,8cacf2ac-43cd-41c1-ac88-323e573e2c44,68b57535-1c54-4bf3-b003-72b055f42e39,1482829766,Internet Explorer,,,,,,,de,RU,Russia,14.38.231.134
,ab04a985-2cf1-47b2-9bbf-0581a381ead6,b801333c-d91a-46a8-9684-8b3a630c8f22,1483060244,Internet Explorer,,,,,,,ru,PH,Philippines,200.43.6.69
,c2a421b3-3413-440e-afef-0ff8dcb4c386,5507aac9-1aa1-4d5b-ae3e-3677d39bde60,1483264927,Safari,,,,,,,pt-br,CA,Canada,202.204.72.33
,35e3efb6-4071-419f-92c8-8cdb5b617b96,ec5051a5-27ed-4542-8ccb-571232b9a519,1483437922,Edge,,,,,,,pt-br,PH,Philippines,150.169.107.74
,307a4b98-aeb6-4712-8fbe-c82518b21e9f,dd6458ac-089b-4eac-a29b-8df091504cdd,1483560095,Android Webview,,,,,,,es,CN,China,183.151.185.149
,724bfc23-3fe3-4695-9d9d-6573d0d5be19,369bfd7b-d0af-4d8f-805a-594a5576e2aa,1483800515,Opera Mini,,,,,,,de,UA,Ukraine,61.158.248.24
,bb1f5998-10e1-4992-9e91-4c8160878199,1ae99bf9-0521-4cf8-a615-5d8a9c2c3e16,1484018103,Firefox,,,,,,,pt-br,MD,Moldova,226.139.94.202
,25ec7d80-4000-4a71-931c-389f8e2e6204,b719f4e8-5a8c-4ec8-92e4-cc85f0ecc48b,1484297309,Android Webview,,,,,,,ru,PH,Philippines,219.12.23.85
,125f6011-74f3-46af-a052-8d4a925b62cd,e1ac893a-dc01-43b5-8c8a-b26ee27415a2,1484768703,Safari,,,,,,,pt-br,CO,Colombia,128.146.158.37
,98eb16da-4476-415a-8d69-5cd08829b42d,d443d6dd-9550-4aee-8a07-af1f9f3f40de,1484897243,Internet Explorer,,,,,,,ja-jp,CN,China,59.212.209.127
,ee074e2b-8795-4d2f-b779-7f20e1b19ba9,c190aa9c-63f2-4c11-8708-3be5c461db06,1485033883,Internet Explorer,,,,,,,de,CO,Colombia,89.174.106.9
,71abcc41-6436-490c-8d38-f29925ee13dd,06c6bbd3-1049-48e0-99fd-e8ef95bf07ab,1485076924,Safari,,,,,,,de,US,United States,153.176.160.97
,651922dc-726e-41d2-90c9-c015a028e6be,80808c3c-99b2-4864-a7fe-abdf3bdf0394,1485265006,Opera Mini,,,,,,,en-gb,SA,Saudi Arabia,58.218.24.54
,bc5755c3-6fd9-4aaf-b84e-e51991d9be3f,37cde3e9-e73b-4107-8204-80c4cc26b6ee,1485345486,Firefox,,,,,,,pt-br,CN,China,33.140.166.45
,95af404f-7860-4ced-ad9d-5ef02fb7a3e7,2fd49cad-1634-428e-9974-081f4db472d2,1485455404,Samsung Internet,,,,,,,de,ID,Indonesia,138.181.52.11
,199d50cb-0b60-4c82-97c4-b22f71b95e4a,530998b8-7bd9-44c7-9415-daf130cdc457,1485476172,Edge,,,,,,,en-gb,RU,Russia,114.164.235.189
,c06ad59b-984f-41ad-aa47-2f3bfd27bdab,a2b34954-fb72-43dd-b5b8-551072f8d578,1485744304,Internet Explorer,,,,,,,en-us,ID,Indonesia,77.54.117.22
,4c376205-13ea-40eb-a873-00ed461ad14b,9815f0d1-6bce-4e05-86b0-ab9cdbdd6288,1485887145,Android Webview,,,,,,,de,MK,Macedonia,169.98.99.140
,38a9996c-1311-4ca6-9b4d-cfd660a06c5a,760a50ed-2fbc-43b7-9863-563a4429306c,1486096169,Opera,,,,,,,de,FR,France,69.118.239.11
,9b90f090-8960-4762-b0bf-599e84309c23,ff51424c-00a7-4fb1-8229-94deb62c7f66,1486657708,Safari,,,,,,,ru,IR,Iran,210.68.91.238
,b6f7ff2b-2fe9-42ee-9f71-878096b4a53f,2148276c-3310-4917-a115-80bc9985f936,1486685771,Safari,,,,,,,ja-jp,BT,Bhutan,210.237.109.26
,0c88b551-4f81-455f-adbd-e27ca7103b92,d08b89aa-e203-4632-8f30-172f01b1eb43,1486800925,Opera,,,,,,,en-us,FR,France,126.168.12.135
,2de121fe-812b-4e5e-b036-be7466b7a030,ef7b387e-364d-46a8-a919-dc9cd1ee57e1,1487102832,Firefox,,,,,,,pt-br,LK,Sri Lanka,110.15.34.129
,0de209a9-e836-49de-9b54-6723f1d64589,5b81445e-6343-401d-a792-3fe51565cdbb,1487166770,Opera,,,,,,,ru,CN,China,5.51.200.217
,03821866-1974-4293-ab1f-484ab717f5b7,4cb05792-a937-4f7d-b8eb-0404fa2689e4,1487224819,Chrome,,,,,,,en-gb,PT,Portugal,245.136.84.230
,116ac9c3-6a9a-4fa7-b555-084767824723,4a40f03c-e015-41d7-9327-b6fc13a49133,1487327388,Firefox,,,,,,,de,NO,Norway,125.39.42.17
,d5bb7eb2-6027-40b9-b37f-c3f3513c3f77,1a107187-8717-4165-ac49-d800291ba998,1488064024,Safari (in-app),,,,,,,en-us,RU,Russia,168.52.128.136
,57153743-b48c-4d5e-ae99-31e32c03358e,f7f57448-53e0-4d9e-9db0-dc74c7df6b61,1488182947,Opera,,,,,,,en-gb,RU,Russia,220.193.102.63
,546fc299-dd92-412e-aa6f-ab5205de609a,afa9b74b-a2f1-4d7c-91a5-08f0935f4ba9,1488289533,Internet Explorer,,,,,,,es,HN,Honduras,0.124.5.199
,e5a1c6ec-803b-4c0d-8d08-6d8358cec331,f788ae40-2b20-4403-9f09-37c30306bc96,1488329271,Opera Mini,,,,,,,pt-br,CN,China,69.78.33.27
,26c7d15a-f8b8-4bbf-aa40-68cdcbc6fd30,b5ba6cb7-f3aa-4b19-ab51-a10c647a23b9,1488567783,Opera,,,,,,,ru,BR,Brazil,223.226.178.51
,a6d7a7aa-dcf5-42df-9b8c-46a5b4d30fa1,a34820c4-6b71-44d9-b88d-abe59b1e20cd,1488822586,Safari (in-app),,,,,,,en-gb,FR,France,240.146.125.71
,65dfff21-cec8-429b-8524-fc2bf37ea0f9,b5ae954f-7559-4e1a-860c-354566762383,1488972382,Samsung Internet,,,,,,,en-gb,CN,China,136.212.251.195
,48d92485-eba3-4c54-b2fd-dc01c68d8e12,b45a8db6-44a1-431b-a335-ab8e4d7b3602,1489039613,Firefox,,,,,,,ru,UA,Ukraine,75.208.88.111
,85c581d2-af44-46ed-9477-e61bf0ad5196,b0c95d22-317f-45cf-8845-ecfe7065d4df,1489176762,Internet Explorer,,,,,,,en-us,CN,China,183.80.193.199
,27bcea3c-8052-43c1-8bdf-638c46926383,fe9de234-edba-4204-a0e1-c173521e05ab,1489514749,Safari (in-app),,,,,,,pt-br,RU,Russia,64.3.142.245
,a6b7897e-5378-475e-9553-4c42a2effddd,b5bd204d-7b69-4366-8baa-9d920c28fe3f,1489627697,Chrome,,,,,,,en-gb,CN,China,154.129.131.76
,74da0ddc-f7c3-47bf-9e2e-954ef388601a,699ef4ba-11e9-4d96-bb2b-8d47998b7aba,1490108282,Edge,,,,,,,en-gb,ID,Indonesia,124.72.176.223
,7cbf9749-4410-4e9a-b9b9-904c041326a4,b6528db6-12f4-46f2-815f-9bca811ec852,1490211591,Chrome,,,,,,,de,CN,China,231.12.65.144
,d100fa71-ce47-4846-a6ee-13ac6e0f7c5f,c05ba576-801d-4da3-bffe-c735eb6ca3ae,1490377481,Opera Mini,,,,,,,en-us,KR,South Korea,237.37.112.64
,050e75cd-24d0-416c-abe6-dda09c98f26d,e2b100cd-d82b-4809-804c-100e5c2eeee9,1490462524,Android Webview,,,,,,,en-us,MH,Marshall Islands,251.106.159.225
,2d676496-630e-490d-accb-294f2ca4711c,89420192-801b-4df7-90f4-ccd02e20d90d,1490528279,Internet Explorer,,,,,,,de,CN,China,8.24.245.44
,7579933c-580b-4e8a-b33e-c39f393e8faa,3b872ccf-5c23-4de9-952a-8d51e88b7aec,1490601252,Opera,,,,,,,de,PL,Poland,130.7.132.222
,b4b002f5-7191-4ad7-9628-a2f38436b376,0146e4ab-3107-477b-a1de-0ec6b96dffe6,1490850481,Opera,,,,,,,en-gb,HN,Honduras,22.48.129.29
,db5df951-f577-45a6-8997-316c256a89bf,b3435fcd-8c3a-42ba-9099-d4951e621bcd,1491212711,Safari,,,,,,,pt-br,KE,Kenya,215.65.25.87
,c990a3ea-5d98-4767-a609-fe5bda1421d1,fd72d82e-42ca-4012-bfc0-aba4673f90c2,1491384817,Android Webview,,,,,,,fr,CN,China,148.37.207.228
,5bb2c888-ed7a-4505-b145-3c2567c923ad,1751dfec-5f1e-4472-ba40-c0cdc5c8770f,1491493365,Safari,,,,,,,es,VN,Vietnam,118.226.133.228
,338874b2-0bbc-4e63-b4ef-3c39f94aba8a,93724782-e597-4628-b455-cbe9d7a81f54,1491551436,Safari (in-app),,,,,,,en-us,TT,Trinidad and Tobago,8.37.76.7
,db7d45b9-4099-41ad-aec8-11008dd45c08,a5448af0-a404-4c5f-a043-f633199925a6,1491776662,Safari (in-app),,,,,,,de,AU,Australia,108.241.27.42
,2c12557d-f155-4e78-986d-0b237e3765f9,0334b942-61c7-4f3a-bba0-ff36a7df9e5a,1491844462,Android Webview,,,,,,,en-us,CN,China,47.222.210.116
,6cf6f770-0a86-422a-808c-b6bcd17a1f6d,b0715daf-3246-4942-bc9b-42adff152a6a,1492045494,Chrome,,,,,,,pt-br,ID,Indonesia,6.38.242.113
,0debaf72-e33d-4aa2-b5dd-a14031b2c07b,fccafff7-aa4d-4fd1-8963-66cdee5f3f4c,1492211887,Edge,,,,,,,fr,CN,China,147.60.57.239
,859929f1-c2e4-46ba-961f-a6b95fd3951e,b34f9a20-f56f-4c94-a7a2-5cedefac2feb,1492236486,Firefox,,,,,,,fr,RU,Russia,137.189.34.135
,c1e7940b-492f-4c7d-ab96-2cbc0398838f,34c5249a-4672-40c1-8107-64ab07e56823,1492347438,Opera Mini,,,,,,,ru,UA,Ukraine,68.171.48.241
,6949ee5f-4b31-4b64-84ff-25fc7f6d5300,428b47f3-bbaa-4efa-be1c-24d10c9ea125,1492678355,Chrome,,,,,,,es,ZA,South Africa,55.63.145.228
,7c6b9794-6538-41ce-8dfd-68e760c03ccc,906bddd6-4907-4501-95c7-08f4cc12f45d,1492964770,Edge,,,,,,,de,GR,Greece,103.71.231.219
,2c25b1f8-d5a3-4a4c-b7fc-e43ae117093b,4a9d4e99-eb4c-4035-aebf-2d45954507cc,1493016427,Opera,,,,,,,en-gb,GT,Guatemala,171.122.100.252
,2569ff8c-2f7e-4d73-b17d-75920fd7c94b,772634a1-d0e3-4969-9ca8-58ad7f84adca,1493209021,Internet Explorer,,,,,,,ja-jp,PT,Portugal,139.70.228.145
,40250bbf-8cec-4615-89f0-236d8da7188a,00d42836-4855-48a3-8d29-e4e7db9c5f6c,1493306972,Safari,,,,,,,de,TH,Thailand,143.93.20.20
,170bb102-7fe7-4dd5-b2ee-dbec91622f81,df332bb9-60b7-43fb-930b-a495505bebcc,1493728066,Chrome,,,,,,,ja-jp,YE,Yemen,88.160.100.79
,8f6660cf-a2aa-4be5-806b-874bc99f4f47,178ab9a3-6c82-48c5-a1ab-f347da0263c9,1493794107,Android Webview,,,,,,,fr,GR,Greece,27.71.181.95
,74d0c5c5-9617-4eb5-8744-f356aa2102c4,98d46b80-7caa-412c-961a-ca9126aecf59,1493949227,Internet Explorer,,,,,,,en-gb,CZ,Czech Republic,9.77.189.167
,16e2dce1-ebbd-4620-b15f-5cc5ddc30abc,e562fe0a-78f3-477b-aa97-bdf205537e90,1494424157,Safari,,,,,,,ru,PK,Pakistan,99.187.167.119
,a28e6328-6817-4c81-b888-650cb1ec0aeb,6ff9b0d0-b0ff-4fe6-9d66-726c61df4079,1494692132,Internet Explorer,,,,,,,en-gb,DE,Germany,239.9.161.104
,b2e31daf-69b4-418e-98da-62605dc7a09c,efcf5eba-bb24-4b8a-96b6-4ae7d7ae0c66,1494870474,Internet Explorer,,,,,,,en-us,JP,Japan,95.156.7.144
,e9c053f5-670b-4e3b-bdea-726cd2e09e13,3a84403b-44d5-46e4-bbc0-eae40a1a9754,1495068024,Samsung Internet,,,,,,,en-gb,KR,South Korea,28.134.31.24
,5b1d75ee-b26b-45d3-a34d-fb663ae3512f,e1767329-620f-4491-a257-fb4398efa447,1495172624,Opera,,,,,,,en-us,PH,Philippines,12.103.142.152
,4d3e1939-e9c9-4e71-ab60-e0aa39813cf8,ad19929c-892a-4a4e-902b-51dd73bdb4ac,1495294426,Edge,,,,,,,fr,CU,Cuba,218.173.175.223
,60d323b9-2810-4e8d-9331-9d73b69d8ae2,ef9a623d-f094-42fa-88e1-e8fa2c6a26e0,1495474883,Safari (in-app),,,,,,,en-us,CN,China,155.160.75.161
,23a6609d-b5ee-4dc7-8e87-4d57fadc814d,4eebf91c-dd0c-4261-9815-522ccf9978d3,1495686464,Opera Mini,,,,,,,ja-jp,PS,Palestinian Territory,203.94.193.80
,5da8e42f-3638-4fd5-a18b-4e034c5a877f,abe5014e-0cb2-4e74-838e-85661d19c8f0,1495948517,Chrome,,,,,,,ja-jp,PE,Peru,230.160.218.131
,9828f8d3-8354-4aa4-a8ef-11fd5ee77f8f,a16ba2ca-75cf-442b-a075-2320c0717dd9,1496358342,Chrome,,,,,,,en-us,BR,Brazil,101.52.205.43
,4e1aae69-9f06-4fba-98fa-af442976ffb0,0d5c9da8-5fe8-4ecf-b029-46acf4e287e3,1496364300,Android Webview,,,,,,,de,PY,Paraguay,26.187.154.251
,0d7725eb-8785-48f1-9f2a-60846260be8f,4836b8e6-ce0b-4710-ad39-2979d2c48d20,1496714374,Safari (in-app),,,,,,,ja-jp,ET,Ethiopia,150.67.24.177
,6552d369-c8e0-41ca-8dae-e665b4e43bde,4ad0e6a5-110c-4c44-90ce-aeea907251e8,1496848915,Edge,,,,,,,en-gb,CA,Canada,149.163.23.29
,90132388-0be1-4a95-8ff7-52b7a9daa50a,5498d4c9-309f-47f3-b6cb-3a9c874b7916,1497102081,Opera Mini,,,,,,,de,FR,France,205.47.130.11
,1b395fac-f734-41a4-8a9c-1ccf02d67f50,d3bccdec-5aa1-4ab1-929d-c51488ccd2c4,1497236048,Internet Explorer,,,,,,,ja-jp,RU,Russia,175.40.39.208
,c5241bcf-d080-4b34-abab-eca478b801fd,6ebbdb0f-f49b-4811-85e1-a042cd04b521,1497417480,Chrome,,,,,,,ru,UG,Uganda,23.238.35.188
,4635f137-ccb5-4e3b-b3b9-7877adf21bcb,3b07b30d-0886-4835-8e06-6cf7d54d4bec,1497651051,Edge,,,,,,,es,FR,France,130.56.176.174
,93ffc02a-8c7c-4f16-9b0d-85aea707f739,9a921555-aebc-40ac-9edb-db9fbb8c5378,1497719493,Android Webview,,,,,,,ru,CN,China,238.125.65.8
,e7c471b2-ffa6-407b-b308-958151c334da,82319546-5cf1-4b2e-bd60-a8a8ea2162ed,1497973738,Chrome,,,,,,,en-us,LI,Liechtenstein,165.73.158.114
,a7f0f26c-8b55-472f-ac5e-6a3c53b4046f,fe491d86-dd5c-44f4-87bf-c26865ffc5a3,1498402524,Firefox,,,,,,,fr,CG,Republic of the Congo,104.52.13.188
,dbf86150-9749-4ff8-bde0-2257990d7874,8e00dc25-f4cd-4765-8186-217ac34821b3,1498637717,Firefox,,,,,,,de,PH,Philippines,178.36.96.110
,2611b18a-4f0c-4abb-aa24-46eab6a39faf,f87177c3-17ea-48cd-ba9d-8d8ccba53033,1498810988,Samsung Internet,,,,,,,es,RU,Russia,34.99.245.87
,97e18688-a9e6-44ff-8480-19f0386e8036,24496915-4ded-410a-b8ab-9c46659a0d96,1499086472,Chrome,,,,,,,ja-jp,ID,Indonesia,232.212.236.147
,23bea9d8-6beb-4360-ba3c-1de7c273a5a4,a996c58d-a876-4475-bcf4-ec55ff71b6f3,1499663367,Edge,,,,,,,pt-br,UA,Ukraine,229.20.255.100
,67ed4ae5-a06f-4bc3-bd2c-26ea643931ab,7d33fae1-972b-4c99-8ef0-8e1ec57a264b,1499763631,Opera Mini,,,,,,,pt-br,TL,East Timor,22.69.249.24
,749a969b-210e-41e1-b9fd-cbe000065f4c,5e37cc93-da70-4e06-b735-9c39b9c4b5b4,1499855620,Safari,,,,,,,ja-jp,CN,China,220.74.225.215
,a0b111d4-1d4a-4a68-b380-9dab9b04942a,0d20fe72-1019-4fe6-8dfb-4bbe143d48cb,1499915254,Edge,,,,,,,ru,PL,Poland,99.17.137.89
,76761e9a-ea14-4ac5-8f7e-8e3a66a3c58b,9d186bfc-3ce7-4298-be76-7a7af5e817ee,1500030184,Opera Mini,,,,,,,en-us,ID,Indonesia,69.52.252.250
,94ea67c5-9429-41f8-8c31-6777d89daafb,eab2c66f-8c1e-4f5a-a446-bcd368e68683,1500083735,Internet Explorer,,,,,,,de,TH,Thailand,127.54.66.239
,bb316ddf-d6bf-4ec3-910a-035e7497a50f,b192e4cc-c8d8-4809-be7c-7fbfb20994c3,1500179325,Firefox,,,,,,,en-us,PH,Philippines,83.1.139.35
,9fd4e86b-1b79-4334-9e4a-5386aa376043,0754fb58-ba90-41f4-862e-7d428eedc328,1500340764,Opera,,,,,,,en-us,CN,China,81.117.62.170
,6356cb66-7158-4663-bb8f-d92cb3890f0e,e3c2ced5-5f28-4b71-bb16-8927cf86b266,1500756917,Opera,,,,,,,ja-jp,FR,France,101.213.109.86
,776498d0-3c45-4b94-b2b6-53cb4cf97405,a5e8e941-b4b7-42c8-8dd5-77ec79bc4101,1500812730,Safari,,,,,,,fr,CZ,Czech Republic,56.48.241.172
,d2712bc5-78ae-4ad1-babc-94f43aff15fe,2f1cdb0f-0400-40a1-b37e-a17e2ce4a8cb,1501021389,Safari,,,,,,,ja-jp,GT,Guatemala,125.187.146.15
,5e6a424e-4b05-4370-976c-1d70bad5657d,64f37cc1-6062-4a5c-88dc-68b65dee5b2f,1501038590,Chrome,,,,,,,fr,CN,China,196.77.63.55
,a898e279-d0f3-4f20-9600-bae7621a9f72,c632beb5-42e7-429b-ac83-4d34dab7049d,1501177867,Chrome,,,,,,,pt-br,CN,China,151.129.194.83
,22ddc62e-d835-4ab9-8776-876c1a3698dc,c7dd5f5e-214c-46d1-9c21-6c002e719ae6,1501423292,Firefox,,,,,,,es,CN,China,5.157.181.227
,f12c91f7-1c5f-4fad-806e-4d79d6f9b958,843d1577-99d1-4970-9480-606999a9df3a,1501505347,Opera Mini,,,,,,,es,RU,Russia,211.175.53.177
,da915ec0-4588-4cbc-b7d9-f592b4d3b820,788d0232-376b-411f-81ce-5873ba9b67cd,1502090576,Safari (in-app),,,,,,,en-gb,ID,Indonesia,64.64.145.70
,26878b5f-3d0a-4146-8dda-af2f83c15b60,d781a523-7c83-4dd0-85d1-e22ef8a9dc24,1502408665,Safari (in-app),,,,,,,en-gb,PT,Portugal,100.116.17.202
,2d0783dc-422f-474f-b815-2a61ccb974db,5993e683-1e07-4826-a30d-d2e3bac50f20,1502441144,Samsung Internet,,,,,,,en-us,CU,Cuba,185.220.195.236
,7ef11821-890d-441a-b385-0c23f48ecd1c,fb7571b8-efa7-41dc-a283-a0ff2f195089,1502719437,Opera,,,,,,,en-gb,CN,China,100.170.197.0
,cf14f033-0370-43bd-9040-433f88c0318f,1a56be2a-fa95-4a89-8513-336e5ecc06a4,1502913941,Internet Explorer,,,,,,,de,UA,Ukraine,51.187.88.88
,a0613f8c-81c5-4f3d-8e69-e3f7e26b3362,b5bc493c-9ced-4cb3-96a0-6a590f33337e,1502996596,Safari,,,,,,,fr,MN,Mongolia,60.2.207.43
,9cc76583-ba14-41dd-a7ef-c8e055aaea4f,923d1e63-ed96-49bc-8408-baf39ad90cd0,1503037996,Safari,,,,,,,ru,IE,Ireland,42.108.137.179
,62722684-8e8b-46b4-b593-112a5c77af34,e7d6edd9-b570-49eb-95c2-5e99e8635ebc,1503437690,Chrome,,,,,,,ja-jp,CN,China,179.14.161.100
,12bb05c5-17a1-42d9-9352-19568209edc3,3d708d66-18c3-4a4d-8470-f545e7d17d83,1503519377,Android Webview,,,,,,,en-gb,PK,Pakistan,204.94.137.179
,ead43d02-9b31-4ef6-8fd4-309be57b710a,e2d75d99-e0d9-4594-be28-7ce568c13ba7,1503575169,Samsung Internet,,,,,,,pt-br,RU,Russia,49.249.80.196
,eed27980-3c7f-46b4-af3e-8029b034a348,c29b63cc-974f-46bf-a920-20892f6bb925,1504017805,Internet Explorer,,,,,,,ru,JP,Japan,135.96.208.75
,71e7d6c2-d4d9-4492-8180-0e6c062868dc,5e3491fc-6d1a-4318-836c-fb2b045c48a5,1504364816,Opera Mini,,,,,,,en-gb,CN,China,4.28.146.180
,f12cf189-fbba-4435-9c3a-0f32fa12c6e3,abf0f97e-ba1f-4664-bdc0-efb21156bda6,1504537103,Chrome,,,,,,,de,NE,Niger,1.171.169.203
,8495fe23-283b-448c-8073-dd5b6b80608e,16ec5bca-f946-4309-bea2-e2c7140bad11,1504624142,Edge,,,,,,,fr,CN,China,135.180.80.23
,d0582b3f-74a6-4848-b54d-3dfdf26f14bc,106b5765-0344-44e8-859e-c8fa5de5ffed,1504890674,Samsung Internet,,,,,,,en-gb,ID,Indonesia,214.167.137.174
,488717f7-37ea-4f56-b2fb-3cdd6b987b78,d578e60a-aa20-4ea6-a2e9-a13f5f0f6bb3,1505478146,Samsung Internet,,,,,,,ja-jp,CN,China,171.186.77.98
,b215ad11-e95b-4fa3-a334-4f1888e371de,d2272b51-a125-4d00-84a4-6b276984ee6c,1505584024,Opera,,,,,,,en-gb,BR,Brazil,125.140.215.31
,cffa9137-f493-4723-ace2-9b9af1c87239,3b23322b-9188-43d3-a5bd-0292ec2d1feb,1505703294,Android Webview,,,,,,,en-gb,ID,Indonesia,4.146.219.203
,928f2646-0640-4579-8218-277c51868606,9280f5f1-98b1-486f-aad8-c894a43ab833,1505889504,Firefox,,,,,,,ru,MX,Mexico,120.0.218.162
,95afe8e2-6a15-41cd-af67-8fca1a87489c,ca1e1cec-e12b-4f86-a07f-f161f783bcac,1506045403,Opera Mini,,,,,,,ru,CN,China,210.112.39.124
,649a0f89-7423-4a5b-a828-266206cf9c00,6061e376-d56a-44ea-a6e7-d220ed703deb,1506133486,Samsung Internet,,,,,,,de,CN,China,0.33.229.251
,a0f4700c-616e-4d58-880f-172af1f7590c,15309dba-04b2-4370-92de-e3a132c2ac35,1506787466,Firefox,,,,,,,pt-br,IR,Iran,60.47.33.28
,8c0513f7-ca52-43ec-b06f-9b9659cf0111,0d8c304f-c627-452f-b838-bfe1e35820cc,1506824212,Opera,,,,,,,ru,MG,Madagascar,172.169.239.214
,d8564441-34dc-4d9c-be4e-7ae1952adf71,9fccc4a8-ea02-4a22-b5a2-8a2f09421e3c,1506957616,Safari,,,,,,,es,GR,Greece,77.170.122.126
,71e1cd29-3a0b-46ed-a9ad-8f41f96a0644,4be227aa-525d-4fbb-b159-f2786e9ed0af,1507107187,Opera,,,,,,,es,ID,Indonesia,106.22.163.123
,2aff922d-95b9-4c39-8ee0-07f2794fe6a1,4ac27063-1aa5-4fe6-bb00-53c09ccfc4a7,1507891736,Edge,,,,,,,de,PY,Paraguay,32.117.238.254
,e4afa9fa-50d2-444a-9a26-d4ec9ae9e053,2b334e94-bb54-4a22-ae4f-d30ceb456ad0,1507987688,Samsung Internet,,,,,,,fr,CN,China,104.139.157.103
,7693fde0-fa13-4d48-8c56-9c6c43be3a2e,b449d5fe-964f-457d-a2b7-2ab0f68ea4e6,1508062647,Internet Explorer,,,,,,,de,PL,Poland,99.154.100.46
,c4542051-5996-4c11-8472-ed8e078518bb,ddf668b6-fbee-4afb-a6f1-7b0f92975679,1508177779,Opera,,,,,,,ru,ID,Indonesia,96.83.71.103
,f54f23d3-0403-4890-b168-97cb4dd016a8,2ec59ed3-f22c-4c48-9ff2-63921e963552,1508595199,Edge,,,,,,,en-us,CN,China,115.175.226.58
,7b4be997-2418-408a-8b4f-b7073d4c5991,665fa334-77bd-49dc-996e-1f13b0076052,1508781335,Samsung Internet,,,,,,,fr,GT,Guatemala,125.230.69.157
,30ec21f7-0b0f-49b3-adff-39d2b3eabe8f,697da6db-3478-4da5-9eca-f425126da695,1508970986,Opera,,,,,,,en-us,CN,China,132.236.170.167
,34c8fac1-5591-4ca9-bf64-b053c9f0a164,ad96113f-2429-423b-9459-ed46f4f116ff,1509029415,Chrome,,,,,,,ja-jp,UZ,Uzbekistan,221.89.157.131
,07460247-d2e0-4d34-8981-76a1d5a29973,d84374ef-f7b5-4bd3-92b9-6ac12ea45e77,1509145403,Chrome,,,,,,,de,KR,South Korea,96.237.38.176
,f7a7adb1-0c64-400e-95bc-60bb79ddb04a,7aba6fd0-6a7e-4b0f-be14-46207f04e4dd,1509233144,Opera,,,,,,,en-gb,TH,Thailand,47.64.213.105
,de846e1e-ec92-4142-bfb3-fe834fc58b24,cda21243-1cf7-4811-81b7-4e92e3361bf7,1509248822,Edge,,,,,,,pt-br,PE,Peru,217.171.253.48
,f0188f84-a027-46fa-b2e0-7d64d51317c5,28eb5e4d-1495-4ad9-8ca3-cea4b5b554d4,1509402813,Safari (in-app),,,,,,,es,RU,Russia,9.245.90.95
,fd8752ce-f98c-4a09-bfd7-05f59153ff7e,579658f8-9979-4897-9828-84190ef4996d,1509895638,Edge,,,,,,,de,SE,Sweden,106.126.164.219
,ac080f98-aaa0-47b2-ab45-db55139564ae,260ccb80-e89d-4225-9027-35771b0197d9,1510004973,Internet Explorer,,,,,,,es,BO,Bolivia,36.162.164.49
,ad9af1ab-3c82-420a-8e67-16b1dbdbd118,8bc73f23-12f1-4845-a79b-3ce942a126e6,1510257684,Opera Mini,,,,,,,en-gb,RU,Russia,116.54.124.194
,13de2ac8-7974-4602-b833-1a59130b54e9,21a6681f-78fd-4edf-9443-2614336f3aed,1510448195,Android Webview,,,,,,,pt-br,PT,Portugal,130.55.173.99
,91704d0c-198d-43ef-848c-a16e8488896c,a06439e5-4b80-4034-b27a-c6a841bf2806,1510742717,Samsung Internet,,,,,,,pt-br,TZ,Tanzania,38.82.9.150
,5371657a-040d-459d-8dfa-77f0c4f298fa,4f350aed-c193-4b87-b5f1-6a2233e86514,1510862469,Android Webview,,,,,,,pt-br,ID,Indonesia,202.206.239.60
,30ff94cc-c317-4649-8151-dd6ca1462ae6,41bb7b40-580d-43d6-85c1-44aff243e9a1,1510983921,Firefox,,,,,,,ja-jp,RU,Russia,139.100.115.245
,b655e450-1166-4020-ab40-cc14fc6079ef,a286f2cf-5ba9-4d1a-99bf-4b17798d7ef9,1511094925,Internet Explorer,,,,,,,pt-br,ID,Indonesia,251.95.101.32
,f090c740-127f-45c8-9a29-c6dc25ff7aa3,772aa8ef-bfcd-4d75-9bea-bb75404248b7,1511314988,Android Webview,,,,,,,ja-jp,TN,Tunisia,49.211.29.72
,953e49c2-815f-44a3-af56-eeece92a9673,145ef9b6-3f7a-4fb0-8fb4-150c39c8f7a8,1511890289,Android Webview,,,,,,,pt-br,RU,Russia,109.208.235.147
,c288a5ad-23bc-455b-a501-213f10436999,7f53ee25-5cb1-4ef8-bbc6-e2cea5a590ae,1512298794,Opera,,,,,,,ru,ID,Indonesia,164.131.190.14
,5a891739-b963-48c6-baca-01613531fe60,d0667d5a-3e18-4cdd-96a1-32e918b5376a,1512634853,Chrome,,,,,,,de,ID,Indonesia,105.21.107.193
,b356c2ce-4ee5-4787-9874-cb152d7c4ea4,1a1a077a-3ca4-4eea-a389-9fb8903674b5,1512818722,Samsung Internet,,,,,,,en-us,RU,Russia,151.119.68.115
,78676fc9-9304-413c-8dda-8552ac62ae16,b0b41f9a-57a3-4924-9ee8-3c0648028b75,1512912200,Safari (in-app),,,,,,,de,TH,Thailand,225.126.249.168
,97e207f3-dd75-41a4-b689-f86ee66bcbf3,636af711-c413-4399-bdb7-c6b9ddf76852,1513021260,Opera Mini,,,,,,,es,CN,China,162.85.68.56
,9eda065b-503a-4094-90b1-ea39da0ce9c0,20bfd98e-f8a2-45b6-a6c1-7346e109272a,1513116392,Safari (in-app),,,,,,,fr,ID,Indonesia,145.135.92.101
,efa24fd0-1ed7-436a-a165-83fac055c31c,d8cfa8a7-c07c-4cd9-91a6-60a1d23c4235,1513242783,Firefox,,,,,,,en-us,ID,Indonesia,246.13.131.138
