2132129733,-1,1495875512,1514349483,Firefox,,1.0,24-bit,Android Phone,,1350x1010,1350x1010,,UTF-8,en-us,Hanoi,VN,Vietnam,10.88.113.111,,Win,10.88.113.111,
2132129733,-1,1495875512,1514349492,Firefox,,1.0,24-bit,Android Phone,,1350x1010,1350x1010,,UTF-8,en-us,Hanoi,VN,Vietnam,10.88.113.111,,Win,10.88.113.111,
2132129733,-1,1495875512,1514355234,Firefox,,1.0,24-bit,Desktop,,1350x1010,1350x1010,,UTF-8,en-us,Hanoi,VN,Vietnam,10.88.113.111,,Win,10.88.113.111,
2132129733,-1,1495875512,1514355260,Firefox,,1.0,24-bit,Desktop,,1350x1010,1350x1010,,UTF-8,en-us,Hanoi,VN,Vietnam,10.88.113.111,,Win,10.88.113.111,
2132129733,-1,1495875512,1514355266,Firefox,,1.0,24-bit,Desktop,,1350x1010,1350x1010,,UTF-8,en-us,Hanoi,VN,Vietnam,10.88.113.111,,Win,10.88.113.111,
2132129733,-1,1495875512,1514355509,Firefox,,1.0,24-bit,Desktop,,1350x1010,1350x1010,,UTF-8,en-us,Hanoi,VN,Vietnam,10.88.113.111,,Win,10.88.113.111,
2132129733,-1,1495875512,1514355580,Firefox,,1.0,24-bit,Desktop,,1350x1010,1350x1010,,UTF-8,en-us,Hanoi,VN,Vietnam,10.88.113.111,,Win,10.88.113.111,
2132129733,-1,1495875512,1514355667,Firefox,,1.0,24-bit,Desktop,,1350x1010,1350x1010,,UTF-8,en-us,Hanoi,VN,Vietnam,10.88.113.111,,Win,10.88.113.111,
2132129733,-1,1495875512,1514355669,Firefox,,1.0,24-bit,Desktop,,1350x1010,1350x1010,,UTF-8,en-us,Hanoi,VN,Vietnam,10.88.113.111,,Win,10.88.113.111,
2132129733,-1,1495875512,1514355717,Firefox,,1.0,24-bit,Desktop,,1350x1010,1350x1010,,UTF-8,en-us,Hanoi,VN,Vietnam,10.88.113.111,,Win,10.88.113.111,
2132129733,-1,1495875512,1514355802,Firefox,,1.0,24-bit,Desktop,,1350x1010,1350x1010,,UTF-8,en-us,Hanoi,VN,Vietnam,10.88.113.111,,Win,10.88.113.111,
2132129733,-1,1495875512,1514355803,Firefox,,1.0,24-bit,Desktop,,1350x1010,1350x1010,,UTF-8,en-us,Hanoi,VN,Vietnam,10.88.113.111,,Win,10.88.113.111,
2132129733,-1,1495875512,1514356141,Firefox,,1.0,24-bit,Desktop,,1350x1010,1350x1010,,UTF-8,en-us,Hanoi,VN,Vietnam,10.88.113.111,,Win,10.88.113.111,
2132129733,-1,1495875512,1514356143,Firefox,,1.0,24-bit,Desktop,,1350x1010,1350x1010,,UTF-8,en-us,Hanoi,VN,Vietnam,10.88.113.111,,Win,10.88.113.111,
2132129733,-1,1495875512,1514356188,Firefox,,1.0,24-bit,Desktop,,1350x1010,1350x1010,,UTF-8,en-us,Hanoi,VN,Vietnam,10.88.113.111,,Win,10.88.113.111,
2132129733,-1,1495875512,1514356190,Firefox,,1.0,24-bit,Desktop,,1350x1010,1350x1010,,UTF-8,en-us,Hanoi,VN,Vietnam,10.88.113.111,,Win,10.88.113.111,
2132129733,-1,1495875512,1514356295,Firefox,,1.0,24-bit,Desktop,,1350x1010,1350x1010,,UTF-8,en-us,Hanoi,VN,Vietnam,10.88.113.111,,Win,10.88.113.111,
2132129733,-1,1495875512,1514356297,Firefox,,1.0,24-bit,Desktop,,1350x1010,1350x1010,,UTF-8,en-us,Hanoi,VN,Vietnam,10.88.113.111,,Win,10.88.113.111,
2132129733,-1,1495875512,1514356334,Firefox,,1.0,24-bit,Desktop,,1350x1010,1350x1010,,UTF-8,en-us,Hanoi,VN,Vietnam,10.88.113.111,,Win,10.88.113.111,
2132129733,-1,1495875512,1514356335,Firefox,,1.0,24-bit,Desktop,,1350x1010,1350x1010,,UTF-8,en-us,Hanoi,VN,Vietnam,10.88.113.111,,Win,10.88.113.111,
2132129733,-1,1495875512,1514356432,Firefox,,1.0,24-bit,Desktop,,1350x1010,1350x1010,,UTF-8,en-us,Hanoi,VN,Vietnam,10.88.113.111,,Win,10.88.113.111,
2132129733,-1,1495875512,1514356434,Firefox,,1.0,24-bit,Desktop,,1350x1010,1350x1010,,UTF-8,en-us,Hanoi,VN,Vietnam,10.88.113.111,,Win,10.88.113.111,
2132129733,-1,1495875512,1514356786,Firefox,,1.0,24-bit,Desktop,,1350x1010,1350x1010,,UTF-8,en-us,Hanoi,VN,Vietnam,10.88.113.111,,Win,10.88.113.111,
2132129733,-1,1495875512,1514356787,Firefox,,1.0,24-bit,Desktop,,1350x1010,1350x1010,,UTF-8,en-us,Hanoi,VN,Vietnam,10.88.113.111,,Win,10.88.113.111,
2132129733,-1,1495875512,1514356934,Firefox,,1.0,24-bit,Desktop,,1350x1010,1350x1010,,UTF-8,en-us,Hanoi,VN,Vietnam,10.88.113.111,,Win,10.88.113.111,
2132129733,-1,1495875512,1514356936,Firefox,,1.0,24-bit,Desktop,,1350x1010,1350x1010,,UTF-8,en-us,Hanoi,VN,Vietnam,10.88.113.111,,Win,10.88.113.111,
2132129733,-1,1495875512,1514356980,Firefox,,1.0,24-bit,Desktop,,1350x1010,1350x1010,,UTF-8,en-us,Hanoi,VN,Vietnam,10.88.113.111,,Win,10.88.113.111,
2132129733,-1,1495875512,1514356981,Firefox,,1.0,24-bit,Desktop,,1350x1010,1350x1010,,UTF-8,en-us,Hanoi,VN,Vietnam,10.88.113.111,,Win,10.88.113.111,
2132129733,-1,1495875512,1514357207,Firefox,,1.0,24-bit,Desktop,,1350x1010,1350x1010,,UTF-8,en-us,Hanoi,VN,Vietnam,10.88.113.111,,Win,10.88.113.111,
2132129733,-1,1495875512,1514357263,Firefox,,1.0,24-bit,Desktop,,1350x1010,1350x1010,,UTF-8,en-us,Hanoi,VN,Vietnam,10.88.113.111,,Win,10.88.113.111,
2132129733,-1,1495875512,1514357265,Firefox,,1.0,24-bit,Desktop,,1350x1010,1350x1010,,UTF-8,en-us,Hanoi,VN,Vietnam,10.88.113.111,,Win,10.88.113.111,
2132129733,-1,1495875512,1514357290,Firefox,,1.0,24-bit,Desktop,,1350x1010,1350x1010,,UTF-8,en-us,Hanoi,VN,Vietnam,10.88.113.111,,Win,10.88.113.111,
2132129733,-1,1495875512,1514357342,Firefox,,1.0,24-bit,Desktop,,1350x1010,1350x1010,,UTF-8,en-us,Hanoi,VN,Vietnam,10.88.113.111,,Win,10.88.113.111,
2132129733,-1,1495875512,1514357376,Firefox,,1.0,24-bit,Desktop,,1350x1010,1350x1010,,UTF-8,en-us,Hanoi,VN,Vietnam,10.88.113.111,,Win,10.88.113.111,
2132129733,-1,1495875512,1514357396,Firefox,,1.0,24-bit,Desktop,,1350x1010,1350x1010,,UTF-8,en-us,Hanoi,VN,Vietnam,10.88.113.111,,Win,10.88.113.111,
2132129733,-1,1495875512,1514357467,Firefox,,1.0,24-bit,Desktop,,1350x1010,1350x1010,,UTF-8,en-us,Hanoi,VN,Vietnam,10.88.113.111,,Win,10.88.113.111,
2132129733,-1,1495875512,1514357490,Firefox,,1.0,24-bit,Desktop,,1350x1010,1350x1010,,UTF-8,en-us,Hanoi,VN,Vietnam,10.88.113.111,,Win,10.88.113.111,
2132129733,-1,1495875512,1514357491,Firefox,,1.0,24-bit,Desktop,,1350x1010,1350x1010,,UTF-8,en-us,Hanoi,VN,Vietnam,10.88.113.111,,Win,10.88.113.111,
2132129733,-1,1495875512,1514357889,Firefox,,1.0,24-bit,Desktop,,1350x1010,1350x1010,,UTF-8,en-us,Hanoi,VN,Vietnam,10.88.113.111,,Win,10.88.113.111,
2132129733,-1,1495875512,1514357987,Firefox,,1.0,24-bit,Desktop,,1350x1010,1350x1010,,UTF-8,en-us,Hanoi,VN,Vietnam,10.88.113.111,,Win,10.88.113.111,
2132129733,-1,1495875512,1514357990,Firefox,,1.0,24-bit,Desktop,,1350x1010,1350x1010,,UTF-8,en-us,Hanoi,VN,Vietnam,10.88.113.111,,Win,10.88.113.111,
2132129733,-1,1495875512,1514358817,Firefox,,1.0,24-bit,Desktop,,1350x1010,1350x1010,,UTF-8,en-us,Hanoi,VN,Vietnam,10.88.113.111,,Win,10.88.113.111,
2132129733,-1,1495875512,1514358819,Firefox,,1.0,24-bit,Desktop,,1350x1010,1350x1010,,UTF-8,en-us,Hanoi,VN,Vietnam,10.88.113.111,,Win,10.88.113.111,
2132129733,-1,1495875512,1514358934,Firefox,,1.0,24-bit,Desktop,,1350x1010,1350x1010,,UTF-8,en-us,Hanoi,VN,Vietnam,10.88.113.111,,Win,10.88.113.111,
2132129733,-1,1495875512,1514358937,Firefox,,1.0,24-bit,Desktop,,1350x1010,1350x1010,,UTF-8,en-us,Hanoi,VN,Vietnam,10.88.113.111,,Win,10.88.113.111,
2132129733,-1,1495875512,1514359074,Firefox,,1.0,24-bit,Desktop,,1350x1010,1350x1010,,UTF-8,en-us,Hanoi,VN,Vietnam,10.88.113.111,,Win,10.88.113.111,
2132129733,-1,1495875512,1514359339,Firefox,,1.0,24-bit,Desktop,,1350x1010,1350x1010,,UTF-8,en-us,Hanoi,VN,Vietnam,10.88.113.111,,Win,10.88.113.111,
2132129733,-1,1495875512,1514359340,Firefox,,1.0,24-bit,Desktop,,1350x1010,1350x1010,,UTF-8,en-us,Hanoi,VN,Vietnam,10.88.113.111,,Win,10.88.113.111,
2132129733,-1,1495875512,1514359376,Firefox,,1.0,24-bit,Desktop,,1350x1010,1350x1010,,UTF-8,en-us,Hanoi,VN,Vietnam,10.88.113.111,,Win,10.88.113.111,
2132129733,-1,1495875512,1514359405,Firefox,,1.0,24-bit,Desktop,,1350x1010,1350x1010,,UTF-8,en-us,Hanoi,VN,Vietnam,10.88.113.111,,Win,10.88.113.111,
2132129733,-1,1495875512,1514359431,Firefox,,1.0,24-bit,Desktop,,1350x1010,1350x1010,,UTF-8,en-us,Hanoi,VN,Vietnam,10.88.113.111,,Win,10.88.113.111,
2132129733,-1,1495875512,1514359433,Firefox,,1.0,24-bit,Desktop,,1350x1010,1350x1010,,UTF-8,en-us,Hanoi,VN,Vietnam,10.88.113.111,,Win,10.88.113.111,
2132129733,-1,1495875512,1514359440,Firefox,,1.0,24-bit,Desktop,,1350x1010,1350x1010,,UTF-8,en-us,Hanoi,VN,Vietnam,10.88.113.111,,Win,10.88.113.111,
2132129733,-1,1495875512,1514359445,Firefox,,1.0,24-bit,Desktop,,1350x1010,1350x1010,,UTF-8,en-us,Hanoi,VN,Vietnam,10.88.113.111,,Win,10.88.113.111,
2132129733,-1,1495875512,1514359450,Firefox,,1.0,24-bit,Desktop,,1350x1010,1350x1010,,UTF-8,en-us,Hanoi,VN,Vietnam,10.88.113.111,,Win,10.88.113.111,
2132129733,-1,1495875512,1514359455,Firefox,,1.0,24-bit,Desktop,,1350x1010,1350x1010,,UTF-8,en-us,Hanoi,VN,Vietnam,10.88.113.111,,Win,10.88.113.111,
2132129733,-1,1495875512,1514359456,Firefox,,1.0,24-bit,Desktop,,1350x1010,1350x1010,,UTF-8,en-us,Hanoi,VN,Vietnam,10.88.113.111,,Win,10.88.113.111,
2132129733,-1,1495875512,1514359463,Firefox,,1.0,24-bit,Desktop,,1350x1010,1350x1010,,UTF-8,en-us,Hanoi,VN,Vietnam,10.88.113.111,,Win,10.88.113.111,
2132129733,-1,1495875512,1514359474,Firefox,,1.0,24-bit,Desktop,,1350x1010,1350x1010,,UTF-8,en-us,Hanoi,VN,Vietnam,10.88.113.111,,Win,10.88.113.111,
2132129733,-1,1495875512,1514359486,Firefox,,1.0,24-bit,Desktop,,1350x1010,1350x1010,,UTF-8,en-us,Hanoi,VN,Vietnam,10.88.113.111,,Win,10.88.113.111,
2132129733,-1,1495875512,1514359495,Firefox,,1.0,24-bit,Desktop,,1350x1010,1350x1010,,UTF-8,en-us,Hanoi,VN,Vietnam,10.88.113.111,,Win,10.88.113.111,
2132129733,-1,1495875512,1514359503,Firefox,,1.0,24-bit,Desktop,,1350x1010,1350x1010,,UTF-8,en-us,Hanoi,VN,Vietnam,10.88.113.111,,Win,10.88.113.111,
2132129733,-1,1495875512,1514359505,Firefox,,1.0,24-bit,Desktop,,1350x1010,1350x1010,,UTF-8,en-us,Hanoi,VN,Vietnam,10.88.113.111,,Win,10.88.113.111,
2132129733,-1,1495875512,1514359532,Firefox,,1.0,24-bit,Desktop,,1350x1010,1350x1010,,UTF-8,en-us,Hanoi,VN,Vietnam,10.88.113.111,,Win,10.88.113.111,
2132129733,-1,1495875512,1514359545,Firefox,,1.0,24-bit,Desktop,,1350x1010,1350x1010,,UTF-8,en-us,Hanoi,VN,Vietnam,10.88.113.111,,Win,10.88.113.111,
2132129733,-1,1495875512,1514359551,Firefox,,1.0,24-bit,Desktop,,1350x1010,1350x1010,,UTF-8,en-us,Hanoi,VN,Vietnam,10.88.113.111,,Win,10.88.113.111,
2134432961,-1,1094159989,1514428974,Chrome,,1.0,24-bit,Desktop,,1350x1010,1350x1010,,UTF-8,en-us,Hanoi,VN,Vietnam,10.88.113.111,,Win,10.88.113.111,
2134432961,-1,1094159989,1514428977,Chrome,,1.0,24-bit,Desktop,,1350x1010,1350x1010,,UTF-8,en-us,Hanoi,VN,Vietnam,10.88.113.111,,Win,10.88.113.111,
2134432961,-1,1094159989,1514509091,Chrome,,,24-bit,Desktop,0.0,1920x1080,1920x925,,UTF-8,en-us,Hanoi,VN,Vietnam,10.88.113.111,,Win,http://10.88.113.60/login,
2134432961,-1,1094159989,1514509094,Chrome,,,24-bit,Desktop,0.0,1920x1080,1920x925,,UTF-8,en-us,Hanoi,VN,Vietnam,10.88.113.111,,Win,http://10.88.113.60/login,
2134432961,-1,1094159989,1514509105,Chrome,,,24-bit,Desktop,0.0,1920x1080,1920x925,,UTF-8,en-us,Hanoi,VN,Vietnam,10.88.113.111,,Win,http://10.88.113.60/,
2134432961,-1,1094159989,1514509434,Chrome,,,24-bit,Desktop,0.0,1920x1080,1920x925,,UTF-8,en-us,Hanoi,VN,Vietnam,10.88.113.111,,Win,http://10.88.113.60/,
2134432961,-1,1094159989,1514509435,Chrome,,,24-bit,Desktop,0.0,1920x1080,1920x925,,UTF-8,en-us,Hanoi,VN,Vietnam,10.88.113.111,,Win,http://10.88.113.60/,
2134432961,-1,1094159989,1514509468,Chrome,,,24-bit,Desktop,0.0,1920x1080,1920x925,,UTF-8,en-us,Hanoi,VN,Vietnam,10.88.113.111,,Win,http://10.88.113.60/,
2134432961,-1,1094159989,1514509496,Chrome,,,24-bit,Desktop,0.0,1920x1080,281x925,,UTF-8,en-us,Hanoi,VN,Vietnam,10.88.113.111,,Win,http://10.88.113.60/,
2134432961,-1,1094159989,1514509499,Chrome,,,24-bit,Desktop,0.0,1920x1080,281x925,,UTF-8,en-us,Hanoi,VN,Vietnam,10.88.113.111,,Win,http://10.88.113.60/,
2134432961,-1,1094159989,1514510044,Chrome,,,24-bit,Desktop,0.0,1920x1080,281x925,,UTF-8,en-us,Hanoi,VN,Vietnam,10.88.113.111,,Win,http://10.88.113.60/movies/tt0155384,
2134432961,-1,1094159989,1514510124,Chrome,,,24-bit,Desktop,0.0,1920x1080,281x925,,UTF-8,en-us,Hanoi,VN,Vietnam,10.88.113.111,,Win,http://10.88.113.60/movies/tt2583852,
2134432961,-1,1094159989,1514510140,Chrome,,,24-bit,Desktop,0.0,1920x1080,281x925,,UTF-8,en-us,Hanoi,VN,Vietnam,10.88.113.111,,Win,http://10.88.113.60/movies/tt7335016,
2134432961,-1,1094159989,1514510158,Chrome,,,24-bit,Desktop,0.0,1920x1080,281x925,,UTF-8,en-us,Hanoi,VN,Vietnam,10.88.113.111,,Win,http://10.88.113.60/movies/tt3251278,
2134432961,-1,1094159989,1514510251,Chrome,,,24-bit,Desktop,0.0,1920x1080,281x925,,UTF-8,en-us,Hanoi,VN,Vietnam,10.88.113.111,,Win,http://10.88.113.60/movies/tt1756474,
2134432961,-1,1094159989,1514510261,Chrome,,,24-bit,Desktop,0.0,1920x1080,281x925,,UTF-8,en-us,Hanoi,VN,Vietnam,10.88.113.111,,Win,http://10.88.113.60/movies/tt3159860,
2134432961,-1,1094159989,1514510269,Chrome,,,24-bit,Desktop,0.0,1920x1080,281x925,,UTF-8,en-us,Hanoi,VN,Vietnam,10.88.113.111,,Win,http://10.88.113.60/movies/tt5678876,
2134432961,-1,1094159989,1514510270,Chrome,,,24-bit,Desktop,0.0,1920x1080,281x925,,UTF-8,en-us,Hanoi,VN,Vietnam,10.88.113.111,,Win,http://10.88.113.60/movies/tt4396664,
2134432961,-1,1094159989,1514510276,Chrome,,,24-bit,Desktop,0.0,1920x1080,281x925,,UTF-8,en-us,Hanoi,VN,Vietnam,10.88.113.111,,Win,http://10.88.113.60/movies/tt1825425,
2134432961,-1,1094159989,1514510300,Chrome,,,24-bit,Desktop,0.0,1920x1080,281x925,,UTF-8,en-us,Hanoi,VN,Vietnam,10.88.113.111,,Win,http://10.88.113.60/movies/tt0275821,
2134432961,-1,1094159989,1514510308,Chrome,,,24-bit,Desktop,0.0,1920x1080,281x925,,UTF-8,en-us,Hanoi,VN,Vietnam,10.88.113.111,,Win,http://10.88.113.60/movies/tt4412686,
2134432961,-1,1094159989,1514510324,Chrome,,,24-bit,Desktop,0.0,1920x1080,281x925,,UTF-8,en-us,Hanoi,VN,Vietnam,10.88.113.111,,Win,http://10.88.113.60/movies/tt6332762,
2134432961,-1,1094159989,1514510328,Chrome,,,24-bit,Desktop,0.0,1920x1080,281x925,,UTF-8,en-us,Hanoi,VN,Vietnam,10.88.113.111,,Win,http://10.88.113.60/movies/tt0499281,
2134432961,-1,1094159989,1514510341,Chrome,,,24-bit,Desktop,0.0,1920x1080,281x925,,UTF-8,en-us,Hanoi,VN,Vietnam,10.88.113.111,,Win,http://10.88.113.60/movies/tt5862130,
2134432961,-1,1094159989,1514510356,Chrome,,,24-bit,Desktop,0.0,1920x1080,281x925,,UTF-8,en-us,Hanoi,VN,Vietnam,10.88.113.111,,Win,http://10.88.113.60/movies/tt3392010,
2134432961,-1,1094159989,1514510624,Chrome,,,24-bit,Desktop,0.0,1920x1080,281x925,,UTF-8,en-us,Hanoi,VN,Vietnam,10.88.113.111,,Win,http://10.88.113.60/movies/tt6300100,
2134432961,-1,1094159989,1514510635,Chrome,,,24-bit,Desktop,0.0,1920x1080,281x925,,UTF-8,en-us,Hanoi,VN,Vietnam,10.88.113.111,,Win,http://10.88.113.60/movies/tt0771623,
2134432961,-1,1094159989,1514510649,Chrome,,,24-bit,Desktop,0.0,1920x1080,281x925,,UTF-8,en-us,Hanoi,VN,Vietnam,10.88.113.111,,Win,http://10.88.113.60/movies/tt5862130,
2134432961,-1,1094159989,1514510654,Chrome,,,24-bit,Desktop,0.0,1920x1080,281x925,,UTF-8,en-us,Hanoi,VN,Vietnam,10.88.113.111,,Win,http://10.88.113.60/movies/tt0218271,
2134432961,-1,1094159989,1514510815,Chrome,,,24-bit,Desktop,0.0,1920x1080,281x925,,UTF-8,en-us,Hanoi,VN,Vietnam,10.88.113.111,,Win,http://10.88.113.60/movies/tt5862130,
2134432961,-1,1094159989,1514510824,Chrome,,,24-bit,Desktop,0.0,1920x1080,281x925,,UTF-8,en-us,Hanoi,VN,Vietnam,10.88.113.111,,Win,http://10.88.113.60/movies/tt3392010,
2134432961,-1,1094159989,1514510830,Chrome,,,24-bit,Desktop,0.0,1920x1080,281x925,,UTF-8,en-us,Hanoi,VN,Vietnam,10.88.113.111,,Win,http://10.88.113.60/movies/tt0014982,
2134432961,-1,1094159989,1514510853,Chrome,,,24-bit,Desktop,0.0,1920x1080,281x925,,UTF-8,en-us,Hanoi,VN,Vietnam,10.88.113.111,,Win,http://10.88.113.60/movies/tt6300100,
2134432961,-1,1094159989,1514510904,Chrome,,,24-bit,Desktop,0.0,1920x1080,281x925,,UTF-8,en-us,Hanoi,VN,Vietnam,10.88.113.111,,Win,http://10.88.113.60/movies/tt0083416,
2134432961,-1,1094159989,1514510912,Chrome,,,24-bit,Desktop,0.0,1920x1080,281x925,,UTF-8,en-us,Hanoi,VN,Vietnam,10.88.113.111,,Win,http://10.88.113.60/movies/tt0771623,
2134432961,-1,1094159989,1514510917,Chrome,,,24-bit,Desktop,0.0,1920x1080,281x925,,UTF-8,en-us,Hanoi,VN,Vietnam,10.88.113.111,,Win,http://10.88.113.60/movies/tt1405797,
2134432961,-1,1094159989,1514510922,Chrome,,,24-bit,Desktop,0.0,1920x1080,281x925,,UTF-8,en-us,Hanoi,VN,Vietnam,10.88.113.111,,Win,http://10.88.113.60/movies/tt3392010,
2134432961,-1,1094159989,1514510929,Chrome,,,24-bit,Desktop,0.0,1920x1080,281x925,,UTF-8,en-us,Hanoi,VN,Vietnam,10.88.113.111,,Win,http://10.88.113.60/movies/tt5646500,
2134432961,-1,1094159989,1514512303,Chrome,,,24-bit,Desktop,0.0,1920x1080,1920x974,,UTF-8,en-us,Hanoi,VN,Vietnam,10.88.113.111,,Win,http://10.88.113.60/,
2134432961,-1,1094159989,1514512305,Chrome,,,24-bit,Desktop,0.0,1920x1080,1920x974,,UTF-8,en-us,Hanoi,VN,Vietnam,10.88.113.111,,Win,http://10.88.113.60/,
2134432961,-1,1094159989,1514512322,Chrome,,,24-bit,Desktop,0.0,1920x1080,1920x974,,UTF-8,en-us,Hanoi,VN,Vietnam,10.88.113.111,,Win,http://10.88.113.60/movies/tt0157185,
2134432961,-1,1094159989,1514512332,Chrome,,,24-bit,Desktop,0.0,1920x1080,1920x974,,UTF-8,en-us,Hanoi,VN,Vietnam,10.88.113.111,,Win,http://10.88.113.60/movies/tt0111698,
2134432961,-1,1094159989,1514512337,Chrome,,,24-bit,Desktop,0.0,1920x1080,1920x974,,UTF-8,en-us,Hanoi,VN,Vietnam,10.88.113.111,,Win,http://10.88.113.60/movies/tt2181860,
2134432961,-1,1094159989,1514512342,Chrome,,,24-bit,Desktop,0.0,1920x1080,1920x974,,UTF-8,en-us,Hanoi,VN,Vietnam,10.88.113.111,,Win,http://10.88.113.60/movies/tt1220481,
2134432961,-1,1094159989,1514512387,Chrome,,,24-bit,Desktop,0.0,1920x1080,1920x974,,UTF-8,en-us,Hanoi,VN,Vietnam,10.88.113.111,,Win,http://10.88.113.60/movies/tt0357365,
2134432961,-1,1094159989,1514512448,Chrome,,,24-bit,Desktop,0.0,1920x1080,1920x974,,UTF-8,en-us,Hanoi,VN,Vietnam,10.88.113.111,,Win,http://10.88.113.60/movies/tt4204648,
2134432961,-1,1094159989,1514512473,Chrome,,,24-bit,Desktop,0.0,1920x1080,1920x974,,UTF-8,en-us,Hanoi,VN,Vietnam,10.88.113.111,,Win,http://10.88.113.60/movies/tt0040996,
2134432961,-1,1094159989,1514512494,Chrome,,,24-bit,Desktop,0.0,1920x1080,1920x974,,UTF-8,en-us,Hanoi,VN,Vietnam,10.88.113.111,,Win,http://10.88.113.60/movies/tt0080236,
2134432961,-1,1094159989,1514512515,Chrome,,,24-bit,Desktop,0.0,1920x1080,1920x974,,UTF-8,en-us,Hanoi,VN,Vietnam,10.88.113.111,,Win,http://10.88.113.60/movies/tt4204648,
1819826779,-1,2084530968,1514512884,Chrome,,,24-bit,Desktop,0.0,480x854,480x854,,UTF-8,en-us,Hanoi,VN,Vietnam,10.88.113.111,,Win,http://10.88.113.60/movies/tt4204648,
1819826779,-1,2084530968,1514512887,Chrome,,,24-bit,Desktop,0.0,480x854,480x854,,UTF-8,en-us,Hanoi,VN,Vietnam,10.88.113.111,,Win,http://10.88.113.60/movies/tt4204648,
1484343409,-1,1941894512,1514359599,Firefox,,1.0,24-bit,Desktop,,1350x1010,1350x1010,,UTF-8,en-us,Hanoi,VN,Vietnam,10.88.113.111,,Win,10.88.113.111,
1484343409,-1,1941894512,1514359845,Firefox,,1.0,24-bit,Desktop,,1350x1010,1350x1010,,UTF-8,en-us,Hanoi,VN,Vietnam,10.88.113.111,,Win,10.88.113.111,
1484343409,-1,1941894512,1514359849,Firefox,,1.0,24-bit,Desktop,,1350x1010,1350x1010,,UTF-8,en-us,Hanoi,VN,Vietnam,10.88.113.111,,Win,10.88.113.111,
1484343409,-1,1941894512,1514359940,Firefox,,1.0,24-bit,Desktop,,1350x1010,1350x1010,,UTF-8,en-us,Hanoi,VN,Vietnam,10.88.113.111,,Win,10.88.113.111,
1484343409,-1,1941894512,1514359942,Firefox,,1.0,24-bit,Desktop,,1350x1010,1350x1010,,UTF-8,en-us,Hanoi,VN,Vietnam,10.88.113.111,,Win,10.88.113.111,
1484343409,-1,1941894512,1514360019,Firefox,,1.0,24-bit,Desktop,,1350x1010,1350x1010,,UTF-8,en-us,Hanoi,VN,Vietnam,10.88.113.111,,Win,10.88.113.111,
1484343409,-1,1941894512,1514360869,Firefox,,1.0,24-bit,Desktop,,1350x1010,1350x1010,,UTF-8,en-us,Hanoi,VN,Vietnam,10.88.113.111,,Win,10.88.113.111,
1484343409,-1,1941894512,1514361487,Firefox,,1.0,24-bit,Desktop,,1350x1010,1350x1010,,UTF-8,en-us,Hanoi,VN,Vietnam,10.88.113.111,,Win,10.88.113.111,
1484343409,-1,1941894512,1514361525,Firefox,,1.0,24-bit,Desktop,,1350x1010,1350x1010,,UTF-8,en-us,Hanoi,VN,Vietnam,10.88.113.111,,Win,10.88.113.111,
1484343409,-1,1941894512,1514361576,Firefox,,1.0,24-bit,Desktop,,1350x1010,1350x1010,,UTF-8,en-us,Hanoi,VN,Vietnam,10.88.113.111,,Win,10.88.113.111,
1484343409,-1,1941894512,1514361646,Firefox,,1.0,24-bit,Desktop,,1350x1010,1350x1010,,UTF-8,en-us,Hanoi,VN,Vietnam,10.88.113.111,,Win,10.88.113.111,
1484343409,-1,1941894512,1514361677,Firefox,,1.0,24-bit,Desktop,,1350x1010,1350x1010,,UTF-8,en-us,Hanoi,VN,Vietnam,10.88.113.111,,Win,10.88.113.111,
1484343409,-1,1941894512,1514361679,Firefox,,1.0,24-bit,Desktop,,1350x1010,1350x1010,,UTF-8,en-us,Hanoi,VN,Vietnam,10.88.113.111,,Win,10.88.113.111,
1484343409,-1,1941894512,1514361726,Firefox,,1.0,24-bit,Desktop,,1350x1010,1350x1010,,UTF-8,en-us,Hanoi,VN,Vietnam,10.88.113.111,,Win,10.88.113.111,
1484343409,-1,1941894512,1514361786,Firefox,,1.0,24-bit,Desktop,,1350x1010,1350x1010,,UTF-8,en-us,Hanoi,VN,Vietnam,10.88.113.111,,Win,10.88.113.111,
1484343409,-1,1941894512,1514361825,Firefox,,1.0,24-bit,Desktop,,1350x1010,1350x1010,,UTF-8,en-us,Hanoi,VN,Vietnam,10.88.113.111,,Win,10.88.113.111,
1484343409,-1,1941894512,1514361848,Firefox,,1.0,24-bit,Desktop,,1350x1010,1350x1010,,UTF-8,en-us,Hanoi,VN,Vietnam,10.88.113.111,,Win,10.88.113.111,
1484343409,-1,1941894512,1514361850,Firefox,,1.0,24-bit,Desktop,,1350x1010,1350x1010,,UTF-8,en-us,Hanoi,VN,Vietnam,10.88.113.111,,Win,10.88.113.111,
1484343409,-1,1941894512,1514361943,Firefox,,1.0,24-bit,Desktop,,1350x1010,1350x1010,,UTF-8,en-us,Hanoi,VN,Vietnam,10.88.113.111,,Win,10.88.113.111,
1484343409,-1,1941894512,1514361966,Firefox,,1.0,24-bit,Desktop,,1350x1010,1350x1010,,UTF-8,en-us,Hanoi,VN,Vietnam,10.88.113.111,,Win,10.88.113.111,
1484343409,-1,1941894512,1514362015,Firefox,,1.0,24-bit,Desktop,,1350x1010,1350x1010,,UTF-8,en-us,Hanoi,VN,Vietnam,10.88.113.111,,Win,10.88.113.111,
1484343409,-1,1941894512,1514362017,Firefox,,1.0,24-bit,Desktop,,1350x1010,1350x1010,,UTF-8,en-us,Hanoi,VN,Vietnam,10.88.113.111,,Win,10.88.113.111,
1484343409,-1,1941894512,1514362050,Firefox,,1.0,24-bit,Desktop,,1350x1010,1350x1010,,UTF-8,en-us,Hanoi,VN,Vietnam,10.88.113.111,,Win,10.88.113.111,
1484343409,-1,1941894512,1514362079,Firefox,,1.0,24-bit,Desktop,,1350x1010,1350x1010,,UTF-8,en-us,Hanoi,VN,Vietnam,10.88.113.111,,Win,10.88.113.111,
1484343409,-1,1941894512,1514362081,Firefox,,1.0,24-bit,Desktop,,1350x1010,1350x1010,,UTF-8,en-us,Hanoi,VN,Vietnam,10.88.113.111,,Win,10.88.113.111,
1484343409,-1,1941894512,1514362109,Firefox,,1.0,24-bit,Desktop,,1350x1010,1350x1010,,UTF-8,en-us,Hanoi,VN,Vietnam,10.88.113.111,,Win,10.88.113.111,
1484343409,-1,1941894512,1514362164,Firefox,,1.0,24-bit,Desktop,,1350x1010,1350x1010,,UTF-8,en-us,Hanoi,VN,Vietnam,10.88.113.111,,Win,10.88.113.111,
1484343409,-1,1941894512,1514362174,Firefox,,1.0,24-bit,Desktop,,1350x1010,1350x1010,,UTF-8,en-us,Hanoi,VN,Vietnam,10.88.113.111,,Win,10.88.113.111,
1484343409,-1,1941894512,1514362190,Firefox,,1.0,24-bit,Desktop,,1350x1010,1350x1010,,UTF-8,en-us,Hanoi,VN,Vietnam,10.88.113.111,,Win,10.88.113.111,
1484343409,-1,1941894512,1514362230,Firefox,,1.0,24-bit,Desktop,,1350x1010,1350x1010,,UTF-8,en-us,Hanoi,VN,Vietnam,10.88.113.111,,Win,10.88.113.111,
1484343409,-1,1941894512,1514362232,Firefox,,1.0,24-bit,Desktop,,1350x1010,1350x1010,,UTF-8,en-us,Hanoi,VN,Vietnam,10.88.113.111,,Win,10.88.113.111,
1484343409,-1,1941894512,1514362316,Firefox,,1.0,24-bit,Desktop,,1350x1010,1350x1010,,UTF-8,en-us,Hanoi,VN,Vietnam,10.88.113.111,,Win,10.88.113.111,
1484343409,-1,1941894512,1514362342,Firefox,,1.0,24-bit,Desktop,,1350x1010,1350x1010,,UTF-8,en-us,Hanoi,VN,Vietnam,10.88.113.111,,Win,10.88.113.111,
1484343409,-1,1941894512,1514362420,Firefox,,1.0,24-bit,Desktop,,1350x1010,1350x1010,,UTF-8,en-us,Hanoi,VN,Vietnam,10.88.113.111,,Win,10.88.113.111,
1484343409,-1,1941894512,1514362422,Firefox,,1.0,24-bit,Desktop,,1350x1010,1350x1010,,UTF-8,en-us,Hanoi,VN,Vietnam,10.88.113.111,,Win,10.88.113.111,
1484343409,-1,1941894512,1514362428,Firefox,,1.0,24-bit,Desktop,,1350x1010,1350x1010,,UTF-8,en-us,Hanoi,VN,Vietnam,10.88.113.111,,Win,10.88.113.111,
1484343409,-1,1941894512,1514362430,Firefox,,1.0,24-bit,Desktop,,1350x1010,1350x1010,,UTF-8,en-us,Hanoi,VN,Vietnam,10.88.113.111,,Win,10.88.113.111,
1484343409,-1,1941894512,1514362520,Firefox,,1.0,24-bit,Desktop,,1350x1010,1350x1010,,UTF-8,en-us,Hanoi,VN,Vietnam,10.88.113.111,,Win,10.88.113.111,
1484343409,-1,1941894512,1514362550,Firefox,,1.0,24-bit,Desktop,,1350x1010,1350x1010,,UTF-8,en-us,Hanoi,VN,Vietnam,10.88.113.111,,Win,10.88.113.111,
1484343409,-1,1941894512,1514362609,Firefox,,1.0,24-bit,Desktop,,1350x1010,1350x1010,,UTF-8,en-us,Hanoi,VN,Vietnam,10.88.113.111,,Win,10.88.113.111,
1484343409,-1,1941894512,1514362650,Firefox,,1.0,24-bit,Desktop,,1350x1010,1350x1010,,UTF-8,en-us,Hanoi,VN,Vietnam,10.88.113.111,,Win,10.88.113.111,
1484343409,-1,1941894512,1514362681,Firefox,,1.0,24-bit,Desktop,,1350x1010,1350x1010,,UTF-8,en-us,Hanoi,VN,Vietnam,10.88.113.111,,Win,10.88.113.111,
1484343409,-1,1941894512,1514362798,Firefox,,1.0,24-bit,Desktop,,1350x1010,1350x1010,,UTF-8,en-us,Hanoi,VN,Vietnam,10.88.113.111,,Win,10.88.113.111,
1484343409,-1,1941894512,1514362805,Firefox,,1.0,24-bit,Desktop,,1350x1010,1350x1010,,UTF-8,en-us,Hanoi,VN,Vietnam,10.88.113.111,,Win,10.88.113.111,
1484343409,-1,1941894512,1514362866,Firefox,,1.0,24-bit,Desktop,,1350x1010,1350x1010,,UTF-8,en-us,Hanoi,VN,Vietnam,10.88.113.111,,Win,10.88.113.111,
1484343409,-1,1941894512,1514362970,Firefox,,1.0,24-bit,Desktop,,1350x1010,1350x1010,,UTF-8,en-us,Hanoi,VN,Vietnam,10.88.113.111,,Win,10.88.113.111,
1484343409,-1,1941894512,1514362972,Firefox,,1.0,24-bit,Desktop,,1350x1010,1350x1010,,UTF-8,en-us,Hanoi,VN,Vietnam,10.88.113.111,,Win,10.88.113.111,
1484343409,-1,1941894512,1514363007,Firefox,,1.0,24-bit,Desktop,,1350x1010,1350x1010,,UTF-8,en-us,Hanoi,VN,Vietnam,10.88.113.111,,Win,10.88.113.111,
1484343409,-1,1941894512,1514363049,Firefox,,1.0,24-bit,Desktop,,1350x1010,1350x1010,,UTF-8,en-us,Hanoi,VN,Vietnam,10.88.113.111,,Win,10.88.113.111,
1484343409,-1,1941894512,1514363051,Firefox,,1.0,24-bit,Desktop,,1350x1010,1350x1010,,UTF-8,en-us,Hanoi,VN,Vietnam,10.88.113.111,,Win,10.88.113.111,
1484343409,-1,1941894512,1514363109,Firefox,,1.0,24-bit,Desktop,,1350x1010,1350x1010,,UTF-8,en-us,Hanoi,VN,Vietnam,10.88.113.111,,Win,10.88.113.111,
1484343409,-1,1941894512,1514363168,Firefox,,1.0,24-bit,Desktop,,1350x1010,1350x1010,,UTF-8,en-us,Hanoi,VN,Vietnam,10.88.113.111,,Win,10.88.113.111,
1484343409,-1,1941894512,1514363171,Firefox,,1.0,24-bit,Desktop,,1350x1010,1350x1010,,UTF-8,en-us,Hanoi,VN,Vietnam,10.88.113.111,,Win,10.88.113.111,
1484343409,-1,1941894512,1514363403,Firefox,,1.0,24-bit,Desktop,,1350x1010,1350x1010,,UTF-8,en-us,Hanoi,VN,Vietnam,10.88.113.111,,Win,10.88.113.111,
1484343409,-1,1941894512,1514363431,Firefox,,1.0,24-bit,Desktop,,1350x1010,1350x1010,,UTF-8,en-us,Hanoi,VN,Vietnam,10.88.113.111,,Win,10.88.113.111,
1484343409,-1,1941894512,1514363433,Firefox,,1.0,24-bit,Desktop,,1350x1010,1350x1010,,UTF-8,en-us,Hanoi,VN,Vietnam,10.88.113.111,,Win,10.88.113.111,
1484343409,-1,1941894512,1514363545,Firefox,,1.0,24-bit,Desktop,,1350x1010,1350x1010,,UTF-8,en-us,Hanoi,VN,Vietnam,10.88.113.111,,Win,10.88.113.111,
1484343409,-1,1941894512,1514363547,Firefox,,1.0,24-bit,Desktop,,1350x1010,1350x1010,,UTF-8,en-us,Hanoi,VN,Vietnam,10.88.113.111,,Win,10.88.113.111,
1484343409,-1,1941894512,1514363693,Firefox,,1.0,24-bit,Desktop,,1350x1010,1350x1010,,UTF-8,en-us,Hanoi,VN,Vietnam,10.88.113.111,,Win,10.88.113.111,
1484343409,-1,1941894512,1514363711,Firefox,,1.0,24-bit,Desktop,,1350x1010,1350x1010,,UTF-8,en-us,Hanoi,VN,Vietnam,10.88.113.111,,Win,10.88.113.111,
1484343409,-1,1941894512,1514363763,Firefox,,1.0,24-bit,Desktop,,1350x1010,1350x1010,,UTF-8,en-us,Hanoi,VN,Vietnam,10.88.113.111,,Win,10.88.113.111,
1484343409,-1,1941894512,1514363765,Firefox,,1.0,24-bit,Desktop,,1350x1010,1350x1010,,UTF-8,en-us,Hanoi,VN,Vietnam,10.88.113.111,,Win,10.88.113.111,
1484343409,-1,1941894512,1514364096,Firefox,,1.0,24-bit,Desktop,,1350x1010,1350x1010,,UTF-8,en-us,Hanoi,VN,Vietnam,10.88.113.111,,Win,10.88.113.111,
1484343409,-1,1941894512,1514364154,Firefox,,1.0,24-bit,Desktop,,1350x1010,1350x1010,,UTF-8,en-us,Hanoi,VN,Vietnam,10.88.113.111,,Win,10.88.113.111,
1484343409,-1,1941894512,1514364157,Firefox,,1.0,24-bit,Desktop,,1350x1010,1350x1010,,UTF-8,en-us,Hanoi,VN,Vietnam,10.88.113.111,,Win,10.88.113.111,
1484343409,-1,1941894512,1514364364,Firefox,,1.0,24-bit,Desktop,,1350x1010,1350x1010,,UTF-8,en-us,Hanoi,VN,Vietnam,10.88.113.111,,Win,10.88.113.111,
1484343409,-1,1941894512,1514364629,Firefox,,1.0,24-bit,Desktop,,1350x1010,1350x1010,,UTF-8,en-us,Hanoi,VN,Vietnam,10.88.113.111,,Win,10.88.113.111,
1484343409,-1,1941894512,1514364662,Firefox,,1.0,24-bit,Desktop,,1350x1010,1350x1010,,UTF-8,en-us,Hanoi,VN,Vietnam,10.88.113.111,,Win,10.88.113.111,
1484343409,-1,1941894512,1514364696,Firefox,,1.0,24-bit,Desktop,,1350x1010,1350x1010,,UTF-8,en-us,Hanoi,VN,Vietnam,10.88.113.111,,Win,10.88.113.111,
1484343409,-1,1941894512,1514364698,Firefox,,1.0,24-bit,Desktop,,1350x1010,1350x1010,,UTF-8,en-us,Hanoi,VN,Vietnam,10.88.113.111,,Win,10.88.113.111,
1484343409,-1,1941894512,1514364705,Firefox,,1.0,24-bit,Desktop,,1350x1010,1350x1010,,UTF-8,en-us,Hanoi,VN,Vietnam,10.88.113.111,,Win,10.88.113.111,
1484343409,-1,1941894512,1514365657,Firefox,,1.0,24-bit,Desktop,,1350x1010,1350x1010,,UTF-8,en-us,Hanoi,VN,Vietnam,10.88.113.111,,Win,10.88.113.111,
1484343409,-1,1941894512,1514365672,Firefox,,1.0,24-bit,Desktop,,1350x1010,1350x1010,,UTF-8,en-us,Hanoi,VN,Vietnam,10.88.113.111,,Win,10.88.113.111,
1484343409,-1,1941894512,1514365717,Firefox,,1.0,24-bit,Desktop,,1350x1010,1350x1010,,UTF-8,en-us,Hanoi,VN,Vietnam,10.88.113.111,,Win,10.88.113.111,
1484343409,-1,1941894512,1514365720,Firefox,,1.0,24-bit,Desktop,,1350x1010,1350x1010,,UTF-8,en-us,Hanoi,VN,Vietnam,10.88.113.111,,Win,10.88.113.111,
1484343409,-1,1941894512,1514365747,Firefox,,1.0,24-bit,Desktop,,1350x1010,1350x1010,,UTF-8,en-us,Hanoi,VN,Vietnam,10.88.113.111,,Win,10.88.113.111,
1484343409,-1,1941894512,1514365757,Firefox,,1.0,24-bit,Desktop,,1350x1010,1350x1010,,UTF-8,en-us,Hanoi,VN,Vietnam,10.88.113.111,,Win,10.88.113.111,
1484343409,-1,1941894512,1514365758,Firefox,,1.0,24-bit,Desktop,,1350x1010,1350x1010,,UTF-8,en-us,Hanoi,VN,Vietnam,10.88.113.111,,Win,10.88.113.111,
1484343409,-1,1941894512,1514365774,Firefox,,1.0,24-bit,Desktop,,1350x1010,1350x1010,,UTF-8,en-us,Hanoi,VN,Vietnam,10.88.113.111,,Win,10.88.113.111,
1484343409,-1,1941894512,1514365903,Firefox,,1.0,24-bit,Desktop,,1350x1010,1350x1010,,UTF-8,en-us,Hanoi,VN,Vietnam,10.88.113.111,,Win,10.88.113.111,
1484343409,-1,1941894512,1514365914,Firefox,,1.0,24-bit,Desktop,,1350x1010,1350x1010,,UTF-8,en-us,Hanoi,VN,Vietnam,10.88.113.111,,Win,10.88.113.111,
1484343409,-1,1941894512,1514365916,Firefox,,1.0,24-bit,Desktop,,1350x1010,1350x1010,,UTF-8,en-us,Hanoi,VN,Vietnam,10.88.113.111,,Win,10.88.113.111,
1484343409,-1,1941894512,1514366120,Firefox,,1.0,24-bit,Desktop,,1350x1010,1350x1010,,UTF-8,en-us,Hanoi,VN,Vietnam,10.88.113.111,,Win,10.88.113.111,
1484343409,-1,1941894512,1514366256,Firefox,,1.0,24-bit,Desktop,,1350x1010,1350x1010,,UTF-8,en-us,Hanoi,VN,Vietnam,10.88.113.111,,Win,10.88.113.111,
1484343409,-1,1941894512,1514366285,Firefox,,1.0,24-bit,Desktop,,1350x1010,1350x1010,,UTF-8,en-us,Hanoi,VN,Vietnam,10.88.113.111,,Win,10.88.113.111,
1484343409,-1,1941894512,1514366307,Firefox,,1.0,24-bit,Desktop,,1350x1010,1350x1010,,UTF-8,en-us,Hanoi,VN,Vietnam,10.88.113.111,,Win,10.88.113.111,
1484343409,-1,1941894512,1514366577,Firefox,,1.0,24-bit,Desktop,,1350x1010,1350x1010,,UTF-8,en-us,Hanoi,VN,Vietnam,10.88.113.111,,Win,10.88.113.111,
1484343409,-1,1941894512,1514366659,Firefox,,1.0,24-bit,Desktop,,1350x1010,1350x1010,,UTF-8,en-us,Hanoi,VN,Vietnam,10.88.113.111,,Win,10.88.113.111,
1484343409,-1,1941894512,1514425187,Firefox,,1.0,24-bit,Desktop,,1350x1010,1350x1010,,UTF-8,en-us,Hanoi,VN,Vietnam,10.88.113.111,,Win,10.88.113.111,
1484343409,-1,1941894512,1514425189,Firefox,,1.0,24-bit,Desktop,,1350x1010,1350x1010,,UTF-8,en-us,Hanoi,VN,Vietnam,10.88.113.111,,Win,10.88.113.111,
1484343409,-1,1941894512,1514425250,Firefox,,1.0,24-bit,Desktop,,1350x1010,1350x1010,,UTF-8,en-us,Hanoi,VN,Vietnam,10.88.113.111,,Win,10.88.113.111,
1484343409,-1,1941894512,1514425364,Firefox,,1.0,24-bit,Desktop,,1350x1010,1350x1010,,UTF-8,en-us,Hanoi,VN,Vietnam,10.88.113.111,,Win,10.88.113.111,
1484343409,-1,1941894512,1514425365,Firefox,,1.0,24-bit,Desktop,,1350x1010,1350x1010,,UTF-8,en-us,Hanoi,VN,Vietnam,10.88.113.111,,Win,10.88.113.111,
1484343409,-1,1941894512,1514425404,Firefox,,1.0,24-bit,Desktop,,1350x1010,1350x1010,,UTF-8,en-us,Hanoi,VN,Vietnam,10.88.113.111,,Win,10.88.113.111,
1484343409,-1,1941894512,1514425406,Firefox,,1.0,24-bit,Desktop,,1350x1010,1350x1010,,UTF-8,en-us,Hanoi,VN,Vietnam,10.88.113.111,,Win,10.88.113.111,
1197758143,-1,1874673346,1514455178,Chrome,,,24-bit,Desktop,0.0,1280x1024,1280x893,,UTF-8,en-us,Hanoi,VN,Vietnam,10.88.113.60,,Win,http://10.88.113.60/,
1197758143,-1,1874673346,1514455197,Chrome,,,24-bit,Desktop,0.0,1280x1024,1280x893,,UTF-8,en-us,Hanoi,VN,Vietnam,10.88.113.60,,Win,http://10.88.113.60/,
1197758143,-1,1874673346,1514455269,Chrome,,,24-bit,Desktop,0.0,1280x1024,1263x893,,UTF-8,en-us,Hanoi,VN,Vietnam,10.88.113.60,,Win,http://10.88.113.60/,
1197758143,-1,1874673346,1514455287,Chrome,,,24-bit,Desktop,0.0,1280x1024,1263x893,,UTF-8,en-us,Hanoi,VN,Vietnam,10.88.113.60,,Win,http://10.88.113.60/movies/tt1485796,
1197758143,-1,1874673346,1514455312,Chrome,,,24-bit,Desktop,0.0,1280x1024,1263x893,,UTF-8,en-us,Hanoi,VN,Vietnam,10.88.113.60,,Win,http://10.88.113.60/movies/tt1334429,
1197758143,-1,1874673346,1514455322,Chrome,,,24-bit,Desktop,0.0,1280x1024,1263x893,,UTF-8,en-us,Hanoi,VN,Vietnam,10.88.113.60,,Win,http://10.88.113.60/movies/tt0098695,
1197758143,-1,1874673346,1514455327,Chrome,,,24-bit,Desktop,0.0,1280x1024,1263x893,,UTF-8,en-us,Hanoi,VN,Vietnam,10.88.113.60,,Win,http://10.88.113.60/movies/tt0103939,
1197758143,-1,1874673346,1514455329,Chrome,,,24-bit,Desktop,0.0,1280x1024,1263x893,,UTF-8,en-us,Hanoi,VN,Vietnam,10.88.113.60,,Win,http://10.88.113.60/movies/tt6607218,
1197758143,-1,1874673346,1514455361,Chrome,,,24-bit,Desktop,0.0,1280x1024,1263x893,,UTF-8,en-us,Hanoi,VN,Vietnam,10.88.113.60,,Win,http://10.88.113.60/movies/tt1592558,
1481731309,-1,1001793528,1514514401,Chrome,,,24-bit,Desktop,0.0,1280x1024,664x988,,UTF-8,en-us,Hanoi,VN,Vietnam,10.88.113.74,,Win,http://10.88.113.74/,
1481731309,-1,1001793528,1514514404,Chrome,,,24-bit,Desktop,0.0,1280x1024,664x988,,UTF-8,en-us,Hanoi,VN,Vietnam,10.88.113.74,,Win,http://10.88.113.74/,
1481731309,-1,1001793528,1514514983,Chrome,,,24-bit,Desktop,0.0,1280x1024,1350x1010,,UTF-8,en-us,Hanoi,VN,Vietnam,10.88.113.74,,Win,http://10.88.113.74/,
1481731309,-1,1001793528,1514515050,Chrome,,,24-bit,Desktop,0.0,1280x1024,1333x1010,,UTF-8,en-us,Hanoi,VN,Vietnam,10.88.113.74,,Win,http://10.88.113.74/,
1481731309,-1,1001793528,1514515069,Chrome,,,24-bit,Desktop,0.0,1280x1024,664x988,,UTF-8,en-us,Hanoi,VN,Vietnam,10.88.113.74,,Win,http://10.88.113.74/,
1481731309,-1,1001793528,1514515080,Chrome,,,24-bit,Desktop,0.0,1280x1024,1333x1010,,UTF-8,en-us,Hanoi,VN,Vietnam,10.88.113.74,,Win,http://10.88.113.74/,
1481731309,-1,1001793528,1514515139,Chrome,,,24-bit,Desktop,0.0,1280x1024,1350x583,,UTF-8,en-us,Hanoi,VN,Vietnam,10.88.113.74,,Win,http://10.88.113.74/,
1481731309,-1,1001793528,1514515141,Chrome,,,24-bit,Desktop,0.0,1280x1024,1350x583,,UTF-8,en-us,Hanoi,VN,Vietnam,10.88.113.74,,Win,http://10.88.113.74/,
1481731309,-1,1001793528,1514515148,Chrome,,,24-bit,Desktop,0.0,1280x1024,1350x583,,UTF-8,en-us,Hanoi,VN,Vietnam,10.88.113.74,,Win,http://10.88.113.74/movies/tt2527336,
1481731309,-1,1001793528,1514515182,Chrome,,,24-bit,Desktop,0.0,1280x1024,1350x583,,UTF-8,en-us,Hanoi,VN,Vietnam,10.88.113.74,,Win,http://10.88.113.74/movies/tt2527336,
1481731309,-1,1001793528,1514515207,Chrome,,,24-bit,Desktop,0.0,1280x1024,1333x583,,UTF-8,en-us,Hanoi,VN,Vietnam,10.88.113.74,,Win,http://10.88.113.74/movies/tt2527336,
1481731309,-1,1001793528,1514515230,Chrome,,,24-bit,Desktop,0.0,1280x1024,1350x583,,UTF-8,en-us,Hanoi,VN,Vietnam,10.88.113.74,,Win,http://10.88.113.74/movies/tt2527336,
1481731309,-1,1001793528,1514515232,Chrome,,,24-bit,Desktop,0.0,1280x1024,1350x583,,UTF-8,en-us,Hanoi,VN,Vietnam,10.88.113.74,,Win,http://10.88.113.74/movies/tt2527336,
1481731309,-1,1001793528,1514515241,Chrome,,,24-bit,Desktop,0.0,1280x1024,1350x583,,UTF-8,en-us,Hanoi,VN,Vietnam,10.88.113.74,,Win,http://10.88.113.74/movies/tt3486324,
1481731309,-1,1001793528,1514515247,Chrome,,,24-bit,Desktop,0.0,1280x1024,1350x583,,UTF-8,en-us,Hanoi,VN,Vietnam,10.88.113.74,,Win,http://10.88.113.74/movies/tt0182647,
1481731309,-1,1001793528,1514515253,Chrome,,,24-bit,Desktop,0.0,1280x1024,1350x1010,,UTF-8,en-us,Hanoi,VN,Vietnam,10.88.113.74,,Win,http://10.88.113.74/,
1481731309,-1,1001793528,1514515254,Chrome,,,24-bit,Desktop,0.0,1280x1024,1350x1010,,UTF-8,en-us,Hanoi,VN,Vietnam,10.88.113.74,,Win,http://10.88.113.74/,
1481731309,-1,1001793528,1514515358,Chrome,,,24-bit,Desktop,0.0,1280x1024,1350x1010,,UTF-8,en-us,Hanoi,VN,Vietnam,10.88.113.74,,Win,http://10.88.113.74/movies/tt0182647,
1481731309,-1,1001793528,1514515406,Chrome,,,24-bit,Desktop,0.0,1280x1024,1333x583,,UTF-8,en-us,Hanoi,VN,Vietnam,10.88.113.74,,Win,http://10.88.113.74/movies/tt0182647,
1912978767,-1,1185883910,1514346998,Chrome,,1.0,24-bit,Desktop,,1350x1010,1350x1010,,UTF-8,en-us,Hanoi,VN,Vietnam,10.88.113.111,,Win,10.88.113.111,
1912978767,-1,1185883910,1514347001,Chrome,,1.0,24-bit,Desktop,,1350x1010,1350x1010,,UTF-8,en-us,Hanoi,VN,Vietnam,10.88.113.111,,Win,10.88.113.111,
1912978767,-1,1185883910,1514347041,Chrome,,1.0,24-bit,Desktop,,1350x1010,1350x1010,,UTF-8,en-us,Hanoi,VN,Vietnam,10.88.113.111,,Win,10.88.113.111,
1912978767,-1,1185883910,1514347050,Chrome,,1.0,24-bit,Desktop,,1350x1010,1350x1010,,UTF-8,en-us,Hanoi,VN,Vietnam,10.88.113.111,,Win,10.88.113.111,
1912978767,-1,1185883910,1514347071,Chrome,,1.0,24-bit,Desktop,,1350x1010,1350x1010,,UTF-8,en-us,Hanoi,VN,Vietnam,10.88.113.111,,Win,10.88.113.111,
1912978767,-1,1185883910,1514347077,Chrome,,1.0,24-bit,Desktop,,1350x1010,1350x1010,,UTF-8,en-us,Hanoi,VN,Vietnam,10.88.113.111,,Win,10.88.113.111,
1912978767,-1,1185883910,1514347083,Chrome,,1.0,24-bit,Desktop,,1350x1010,1350x1010,,UTF-8,en-us,Hanoi,VN,Vietnam,10.88.113.111,,Win,10.88.113.111,
1912978767,-1,1185883910,1514347088,Chrome,,1.0,24-bit,Desktop,,1350x1010,1350x1010,,UTF-8,en-us,Hanoi,VN,Vietnam,10.88.113.111,,Win,10.88.113.111,
1912978767,-1,1185883910,1514347093,Chrome,,1.0,24-bit,Desktop,,1350x1010,1350x1010,,UTF-8,en-us,Hanoi,VN,Vietnam,10.88.113.111,,Win,10.88.113.111,
1912978767,-1,1185883910,1514347101,Chrome,,1.0,24-bit,Desktop,,1350x1010,1350x1010,,UTF-8,en-us,Hanoi,VN,Vietnam,10.88.113.111,,Win,10.88.113.111,
1912978767,-1,1185883910,1514347112,Chrome,,1.0,24-bit,Desktop,,1350x1010,1350x1010,,UTF-8,en-us,Hanoi,VN,Vietnam,10.88.113.111,,Win,10.88.113.111,
1912978767,-1,1185883910,1514347131,Chrome,,1.0,24-bit,Desktop,,1350x1010,1350x1010,,UTF-8,en-us,Hanoi,VN,Vietnam,10.88.113.111,,Win,10.88.113.111,
1912978767,-1,1185883910,1514347135,Chrome,,1.0,24-bit,Desktop,,1350x1010,1350x1010,,UTF-8,en-us,Hanoi,VN,Vietnam,10.88.113.111,,Win,10.88.113.111,
1912978767,-1,1185883910,1514347141,Chrome,,1.0,24-bit,Desktop,,1350x1010,1350x1010,,UTF-8,en-us,Hanoi,VN,Vietnam,10.88.113.111,,Win,10.88.113.111,
1912978767,-1,1185883910,1514347146,Chrome,,1.0,24-bit,Desktop,,1350x1010,1350x1010,,UTF-8,en-us,Hanoi,VN,Vietnam,10.88.113.111,,Win,10.88.113.111,
1912978767,-1,1185883910,1514347151,Chrome,,1.0,24-bit,Desktop,,1350x1010,1350x1010,,UTF-8,en-us,Hanoi,VN,Vietnam,10.88.113.111,,Win,10.88.113.111,
1912978767,-1,1185883910,1514347155,Chrome,,1.0,24-bit,Desktop,,1350x1010,1350x1010,,UTF-8,en-us,Hanoi,VN,Vietnam,10.88.113.111,,Win,10.88.113.111,
1912978767,-1,1185883910,1514347159,Chrome,,1.0,24-bit,Desktop,,1350x1010,1350x1010,,UTF-8,en-us,Hanoi,VN,Vietnam,10.88.113.111,,Win,10.88.113.111,
1912978767,-1,1185883910,1514347166,Chrome,,1.0,24-bit,Desktop,,1350x1010,1350x1010,,UTF-8,en-us,Hanoi,VN,Vietnam,10.88.113.111,,Win,10.88.113.111,
1912978767,-1,1185883910,1514347183,Chrome,,1.0,24-bit,Desktop,,1350x1010,1350x1010,,UTF-8,en-us,Hanoi,VN,Vietnam,10.88.113.111,,Win,10.88.113.111,
1912978767,-1,1185883910,1514347187,Chrome,,1.0,24-bit,Desktop,,1350x1010,1350x1010,,UTF-8,en-us,Hanoi,VN,Vietnam,10.88.113.111,,Win,10.88.113.111,
1912978767,-1,1185883910,1514347193,Chrome,,1.0,24-bit,Desktop,,1350x1010,1350x1010,,UTF-8,en-us,Hanoi,VN,Vietnam,10.88.113.111,,Win,10.88.113.111,
1912978767,-1,1185883910,1514347199,Chrome,,1.0,24-bit,Desktop,,1350x1010,1350x1010,,UTF-8,en-us,Hanoi,VN,Vietnam,10.88.113.111,,Win,10.88.113.111,
1912978767,-1,1185883910,1514347203,Chrome,,1.0,24-bit,Desktop,,1350x1010,1350x1010,,UTF-8,en-us,Hanoi,VN,Vietnam,10.88.113.111,,Win,10.88.113.111,
1912978767,-1,1185883910,1514347208,Chrome,,1.0,24-bit,Desktop,,1350x1010,1350x1010,,UTF-8,en-us,Hanoi,VN,Vietnam,10.88.113.111,,Win,10.88.113.111,
1912978767,-1,1185883910,1514347213,Chrome,,1.0,24-bit,Desktop,,1350x1010,1350x1010,,UTF-8,en-us,Hanoi,VN,Vietnam,10.88.113.111,,Win,10.88.113.111,
1912978767,-1,1185883910,1514347219,Chrome,,1.0,24-bit,Desktop,,1350x1010,1350x1010,,UTF-8,en-us,Hanoi,VN,Vietnam,10.88.113.111,,Win,10.88.113.111,
1912978767,-1,1185883910,1514347224,Chrome,,1.0,24-bit,Desktop,,1350x1010,1350x1010,,UTF-8,en-us,Hanoi,VN,Vietnam,10.88.113.111,,Win,10.88.113.111,
1912978767,-1,1185883910,1514347229,Chrome,,1.0,24-bit,Desktop,,1350x1010,1350x1010,,UTF-8,en-us,Hanoi,VN,Vietnam,10.88.113.111,,Win,10.88.113.111,
1912978767,-1,1185883910,1514347235,Chrome,,1.0,24-bit,Desktop,,1350x1010,1350x1010,,UTF-8,en-us,Hanoi,VN,Vietnam,10.88.113.111,,Win,10.88.113.111,
1912978767,-1,1185883910,1514347247,Chrome,,1.0,24-bit,Desktop,,1350x1010,1350x1010,,UTF-8,en-us,Hanoi,VN,Vietnam,10.88.113.111,,Win,10.88.113.111,
1912978767,-1,1185883910,1514347252,Chrome,,1.0,24-bit,Desktop,,1350x1010,1350x1010,,UTF-8,en-us,Hanoi,VN,Vietnam,10.88.113.111,,Win,10.88.113.111,
1912978767,-1,1185883910,1514347259,Chrome,,1.0,24-bit,Desktop,,1350x1010,1350x1010,,UTF-8,en-us,Hanoi,VN,Vietnam,10.88.113.111,,Win,10.88.113.111,
1912978767,-1,1185883910,1514347264,Chrome,,1.0,24-bit,Desktop,,1350x1010,1350x1010,,UTF-8,en-us,Hanoi,VN,Vietnam,10.88.113.111,,Win,10.88.113.111,
1912978767,-1,1185883910,1514347267,Chrome,,1.0,24-bit,Desktop,,1350x1010,1350x1010,,UTF-8,en-us,Hanoi,VN,Vietnam,10.88.113.111,,Win,10.88.113.111,
1912978767,-1,1185883910,1514347268,Chrome,,1.0,24-bit,Desktop,,1350x1010,1350x1010,,UTF-8,en-us,Hanoi,VN,Vietnam,10.88.113.111,,Win,10.88.113.111,
1912978767,-1,1185883910,1514347269,Chrome,,1.0,24-bit,Desktop,,1350x1010,1350x1010,,UTF-8,en-us,Hanoi,VN,Vietnam,10.88.113.111,,Win,10.88.113.111,
1912978767,-1,1185883910,1514347270,Chrome,,1.0,24-bit,Desktop,,1350x1010,1350x1010,,UTF-8,en-us,Hanoi,VN,Vietnam,10.88.113.111,,Win,10.88.113.111,
1912978767,-1,1185883910,1514347277,Chrome,,1.0,24-bit,Desktop,,1350x1010,1350x1010,,UTF-8,en-us,Hanoi,VN,Vietnam,10.88.113.111,,Win,10.88.113.111,
1912978767,-1,1185883910,1514347278,Chrome,,1.0,24-bit,Desktop,,1350x1010,1350x1010,,UTF-8,en-us,Hanoi,VN,Vietnam,10.88.113.111,,Win,10.88.113.111,
1912978767,-1,1185883910,1514347279,Chrome,,1.0,24-bit,Desktop,,1350x1010,1350x1010,,UTF-8,en-us,Hanoi,VN,Vietnam,10.88.113.111,,Win,10.88.113.111,
1912978767,-1,1185883910,1514347280,Chrome,,1.0,24-bit,Desktop,,1350x1010,1350x1010,,UTF-8,en-us,Hanoi,VN,Vietnam,10.88.113.111,,Win,10.88.113.111,
1912978767,-1,1185883910,1514347287,Chrome,,1.0,24-bit,Desktop,,1350x1010,1350x1010,,UTF-8,en-us,Hanoi,VN,Vietnam,10.88.113.111,,Win,10.88.113.111,
1912978767,-1,1185883910,1514347301,Chrome,,1.0,24-bit,Desktop,,1350x1010,1350x1010,,UTF-8,en-us,Hanoi,VN,Vietnam,10.88.113.111,,Win,10.88.113.111,
1912978767,-1,1185883910,1514347302,Chrome,,1.0,24-bit,Desktop,,1350x1010,1350x1010,,UTF-8,en-us,Hanoi,VN,Vietnam,10.88.113.111,,Win,10.88.113.111,
1912978767,-1,1185883910,1514347316,Chrome,,1.0,24-bit,Desktop,,1350x1010,1350x1010,,UTF-8,en-us,Hanoi,VN,Vietnam,10.88.113.111,,Win,10.88.113.111,
1912978767,-1,1185883910,1514347321,Chrome,,1.0,24-bit,Desktop,,1350x1010,1350x1010,,UTF-8,en-us,Hanoi,VN,Vietnam,10.88.113.111,,Win,10.88.113.111,
1912978767,-1,1185883910,1514347327,Chrome,,1.0,24-bit,Desktop,,1350x1010,1350x1010,,UTF-8,en-us,Hanoi,VN,Vietnam,10.88.113.111,,Win,10.88.113.111,
1912978767,-1,1185883910,1514347329,Chrome,,1.0,24-bit,Desktop,,1350x1010,1350x1010,,UTF-8,en-us,Hanoi,VN,Vietnam,10.88.113.111,,Win,10.88.113.111,
1912978767,-1,1185883910,1514347330,Chrome,,1.0,24-bit,Desktop,,1350x1010,1350x1010,,UTF-8,en-us,Hanoi,VN,Vietnam,10.88.113.111,,Win,10.88.113.111,
2067581824,-1,1326888963,1514512578,Chrome,,,24-bit,Android Tablet,0.0,800x1280,800x1280,,UTF-8,en-us,Harbour Breton,CA,Canada,10.88.113.111,,Win,http://10.88.113.60/movies/tt4204648,
2067581824,-1,1326888963,1514512581,Chrome,,,24-bit,Android Tablet,0.0,800x1280,800x1280,,UTF-8,en-us,Harbour Breton,CA,Canada,10.88.113.111,,Win,http://10.88.113.60/movies/tt4204648,
1888783132,-1,1390102517,1514346936,Chrome,,1.0,24-bit,Desktop,,1350x1010,1350x1010,,UTF-8,en-us,Hanoi,VN,Vietnam,10.88.113.111,,Win,10.88.113.111,
1888783132,-1,1390102517,1514346937,Chrome,,1.0,24-bit,Desktop,,1350x1010,1350x1010,,UTF-8,en-us,Hanoi,VN,Vietnam,10.88.113.111,,Win,10.88.113.111,
1882363178,-1,2089413022,1514347428,Chrome,,1.0,24-bit,BlackBerry 10,,1350x1010,1350x1010,,UTF-8,en-us,Hanoi,VN,Vietnam,10.88.113.111,,Win,10.88.113.111,
1882363178,-1,2089413022,1514347431,Chrome,,1.0,24-bit,BlackBerry 10,,1350x1010,1350x1010,,UTF-8,en-us,Hanoi,VN,Vietnam,10.88.113.111,,Win,10.88.113.111,
1882363178,-1,2089413022,1514347541,Chrome,,1.0,24-bit,BlackBerry PlayBook,,1350x1010,1350x1010,,UTF-8,en-us,Hanoi,VN,Vietnam,10.88.113.111,,Win,10.88.113.111,
1882363178,-1,2089413022,1514347544,Chrome,,1.0,24-bit,BlackBerry PlayBook,,1350x1010,1350x1010,,UTF-8,en-us,Hanoi,VN,Vietnam,10.88.113.111,,Win,10.88.113.111,
1882363178,-1,2089413022,1514347581,Chrome,,1.0,24-bit,BlackBerry PlayBook,,1350x1010,1350x1010,,UTF-8,en-us,Hanoi,VN,Vietnam,10.88.113.111,,Win,10.88.113.111,
1882363178,-1,2089413022,1514347584,Chrome,,1.0,24-bit,BlackBerry PlayBook,,1350x1010,1350x1010,,UTF-8,en-us,Hanoi,VN,Vietnam,10.88.113.111,,Win,10.88.113.111,
1882363178,-1,2089413022,1514347614,Chrome,,1.0,24-bit,BlackBerry PlayBook,,1350x1010,1350x1010,,UTF-8,en-us,Hanoi,VN,Vietnam,10.88.113.111,,Win,10.88.113.111,
1882363178,-1,2089413022,1514347617,Chrome,,1.0,24-bit,BlackBerry PlayBook,,1350x1010,1350x1010,,UTF-8,en-us,Hanoi,VN,Vietnam,10.88.113.111,,Win,10.88.113.111,
1882363178,-1,2089413022,1514347646,Chrome,,1.0,24-bit,Apple Tablet,,1350x1010,1350x1010,,UTF-8,en-us,Hanoi,VN,Vietnam,10.88.113.111,,Win,10.88.113.111,
1882363178,-1,2089413022,1514347649,Chrome,,1.0,24-bit,Apple Tablet,,1350x1010,1350x1010,,UTF-8,en-us,Hanoi,VN,Vietnam,10.88.113.111,,Win,10.88.113.111,
1882363178,-1,2089413022,1514347655,Chrome,,1.0,24-bit,Apple Tablet,,1350x1010,1350x1010,,UTF-8,en-us,Hanoi,VN,Vietnam,10.88.113.111,,Win,10.88.113.111,
1882363178,-1,2089413022,1514347688,Chrome,,1.0,24-bit,Apple Tablet,,1350x1010,1350x1010,,UTF-8,en-us,Hanoi,VN,Vietnam,10.88.113.111,,Win,10.88.113.111,
1882363178,-1,2089413022,1514347691,Chrome,,1.0,24-bit,Apple Tablet,,1350x1010,1350x1010,,UTF-8,en-us,Hanoi,VN,Vietnam,10.88.113.111,,Win,10.88.113.111,
1882363178,-1,2089413022,1514347703,Chrome,,1.0,24-bit,Apple Tablet,,1350x1010,1350x1010,,UTF-8,en-us,Hanoi,VN,Vietnam,10.88.113.111,,Win,10.88.113.111,
1882363178,-1,2089413022,1514347714,Chrome,,1.0,24-bit,BlackBerry 10,,1350x1010,1350x1010,,UTF-8,en-us,Hanoi,VN,Vietnam,10.88.113.111,,Win,10.88.113.111,
1882363178,-1,2089413022,1514347718,Chrome,,1.0,24-bit,BlackBerry 10,,1350x1010,1350x1010,,UTF-8,en-us,Hanoi,VN,Vietnam,10.88.113.111,,Win,10.88.113.111,
1882363178,-1,2089413022,1514348014,Chrome,,1.0,24-bit,BlackBerry 10,,1350x1010,1350x1010,,UTF-8,en-us,Hanoi,VN,Vietnam,10.88.113.111,,Win,10.88.113.111,
1882363178,-1,2089413022,1514348024,Chrome,,1.0,24-bit,BlackBerry 10,,1350x1010,1350x1010,,UTF-8,en-us,Hanoi,VN,Vietnam,10.88.113.111,,Win,10.88.113.111,
1882363178,-1,2089413022,1514348070,Chrome,,1.0,24-bit,Apple Tablet,,1350x1010,1350x1010,,UTF-8,en-us,Hanoi,VN,Vietnam,10.88.113.111,,Win,10.88.113.111,
1882363178,-1,2089413022,1514348074,Chrome,,1.0,24-bit,Apple Tablet,,1350x1010,1350x1010,,UTF-8,en-us,Hanoi,VN,Vietnam,10.88.113.111,,Win,10.88.113.111,
1882363178,-1,2089413022,1514348094,Chrome,,1.0,24-bit,Apple Tablet,,1350x1010,1350x1010,,UTF-8,en-us,Hanoi,VN,Vietnam,10.88.113.111,,Win,10.88.113.111,
1882363178,-1,2089413022,1514348099,Chrome,,1.0,24-bit,Apple Tablet,,1350x1010,1350x1010,,UTF-8,en-us,Hanoi,VN,Vietnam,10.88.113.111,,Win,10.88.113.111,
1510048075,-1,1643880572,1514512663,Chrome,,,24-bit,BlackBerry 10,0.0,360x640,360x640,,UTF-8,en-us,Taoyuan,CN,China,10.88.113.111,,Win,http://10.88.113.60/movies/tt4204648,
1510048075,-1,1643880572,1514512666,Chrome,,,24-bit,BlackBerry 10,0.0,360x640,360x640,,UTF-8,en-us,Taoyuan,CN,China,10.88.113.111,,Win,http://10.88.113.60/movies/tt4204648,
2132129733,-1,1495875512,578199126,Firefox,,1.0,24-bit,Android Phone,,1350x1010,1350x1010,,UTF-8,en-us,Hanoi,VN,Vietnam,10.88.113.111,,Win,10.88.113.111,
2132129733,-1,1495875512,865416773,Firefox,,1.0,24-bit,Android Phone,,1350x1010,1350x1010,,UTF-8,en-us,Hanoi,VN,Vietnam,10.88.113.111,,Win,10.88.113.111,
2132129733,-1,1495875512,1443445933,Firefox,,1.0,24-bit,Desktop,,1350x1010,1350x1010,,UTF-8,en-us,Hanoi,VN,Vietnam,10.88.113.111,,Win,10.88.113.111,
2132129733,-1,1495875512,622109438,Firefox,,1.0,24-bit,Desktop,,1350x1010,1350x1010,,UTF-8,en-us,Hanoi,VN,Vietnam,10.88.113.111,,Win,10.88.113.111,
2132129733,-1,1495875512,1291306064,Firefox,,1.0,24-bit,Desktop,,1350x1010,1350x1010,,UTF-8,en-us,Hanoi,VN,Vietnam,10.88.113.111,,Win,10.88.113.111,
2132129733,-1,1495875512,819147618,Firefox,,1.0,24-bit,Desktop,,1350x1010,1350x1010,,UTF-8,en-us,Hanoi,VN,Vietnam,10.88.113.111,,Win,10.88.113.111,
2132129733,-1,1495875512,1092443813,Firefox,,1.0,24-bit,Desktop,,1350x1010,1350x1010,,UTF-8,en-us,Hanoi,VN,Vietnam,10.88.113.111,,Win,10.88.113.111,
2132129733,-1,1495875512,-25254217,Firefox,,1.0,24-bit,Desktop,,1350x1010,1350x1010,,UTF-8,en-us,Hanoi,VN,Vietnam,10.88.113.111,,Win,10.88.113.111,
2132129733,-1,1495875512,85552239,Firefox,,1.0,24-bit,Desktop,,1350x1010,1350x1010,,UTF-8,en-us,Hanoi,VN,Vietnam,10.88.113.111,,Win,10.88.113.111,
2132129733,-1,1495875512,721776059,Firefox,,1.0,24-bit,Desktop,,1350x1010,1350x1010,,UTF-8,en-us,Hanoi,VN,Vietnam,10.88.113.111,,Win,10.88.113.111,
2132129733,-1,1495875512,1282326144,Firefox,,1.0,24-bit,Desktop,,1350x1010,1350x1010,,UTF-8,en-us,Hanoi,VN,Vietnam,10.88.113.111,,Win,10.88.113.111,
2132129733,-1,1495875512,735976115,Firefox,,1.0,24-bit,Desktop,,1350x1010,1350x1010,,UTF-8,en-us,Hanoi,VN,Vietnam,10.88.113.111,,Win,10.88.113.111,
2132129733,-1,1495875512,960161959,Firefox,,1.0,24-bit,Desktop,,1350x1010,1350x1010,,UTF-8,en-us,Hanoi,VN,Vietnam,10.88.113.111,,Win,10.88.113.111,
2132129733,-1,1495875512,1437999603,Firefox,,1.0,24-bit,Desktop,,1350x1010,1350x1010,,UTF-8,en-us,Hanoi,VN,Vietnam,10.88.113.111,,Win,10.88.113.111,
2132129733,-1,1495875512,579179999,Firefox,,1.0,24-bit,Desktop,,1350x1010,1350x1010,,UTF-8,en-us,Hanoi,VN,Vietnam,10.88.113.111,,Win,10.88.113.111,
2132129733,-1,1495875512,200965078,Firefox,,1.0,24-bit,Desktop,,1350x1010,1350x1010,,UTF-8,en-us,Hanoi,VN,Vietnam,10.88.113.111,,Win,10.88.113.111,
2132129733,-1,1495875512,17979589,Firefox,,1.0,24-bit,Desktop,,1350x1010,1350x1010,,UTF-8,en-us,Hanoi,VN,Vietnam,10.88.113.111,,Win,10.88.113.111,
2132129733,-1,1495875512,16539039,Firefox,,1.0,24-bit,Desktop,,1350x1010,1350x1010,,UTF-8,en-us,Hanoi,VN,Vietnam,10.88.113.111,,Win,10.88.113.111,
2132129733,-1,1495875512,1279605089,Firefox,,1.0,24-bit,Desktop,,1350x1010,1350x1010,,UTF-8,en-us,Hanoi,VN,Vietnam,10.88.113.111,,Win,10.88.113.111,
2132129733,-1,1495875512,1160396418,Firefox,,1.0,24-bit,Desktop,,1350x1010,1350x1010,,UTF-8,en-us,Hanoi,VN,Vietnam,10.88.113.111,,Win,10.88.113.111,
2132129733,-1,1495875512,39820496,Firefox,,1.0,24-bit,Desktop,,1350x1010,1350x1010,,UTF-8,en-us,Hanoi,VN,Vietnam,10.88.113.111,,Win,10.88.113.111,
2132129733,-1,1495875512,639142989,Firefox,,1.0,24-bit,Desktop,,1350x1010,1350x1010,,UTF-8,en-us,Hanoi,VN,Vietnam,10.88.113.111,,Win,10.88.113.111,
2132129733,-1,1495875512,438600370,Firefox,,1.0,24-bit,Desktop,,1350x1010,1350x1010,,UTF-8,en-us,Hanoi,VN,Vietnam,10.88.113.111,,Win,10.88.113.111,
2132129733,-1,1495875512,916452602,Firefox,,1.0,24-bit,Desktop,,1350x1010,1350x1010,,UTF-8,en-us,Hanoi,VN,Vietnam,10.88.113.111,,Win,10.88.113.111,
2132129733,-1,1495875512,806312964,Firefox,,1.0,24-bit,Desktop,,1350x1010,1350x1010,,UTF-8,en-us,Hanoi,VN,Vietnam,10.88.113.111,,Win,10.88.113.111,
2132129733,-1,1495875512,299594855,Firefox,,1.0,24-bit,Desktop,,1350x1010,1350x1010,,UTF-8,en-us,Hanoi,VN,Vietnam,10.88.113.111,,Win,10.88.113.111,
2132129733,-1,1495875512,1243629053,Firefox,,1.0,24-bit,Desktop,,1350x1010,1350x1010,,UTF-8,en-us,Hanoi,VN,Vietnam,10.88.113.111,,Win,10.88.113.111,
2132129733,-1,1495875512,891901546,Firefox,,1.0,24-bit,Desktop,,1350x1010,1350x1010,,UTF-8,en-us,Hanoi,VN,Vietnam,10.88.113.111,,Win,10.88.113.111,
2132129733,-1,1495875512,928667014,Firefox,,1.0,24-bit,Desktop,,1350x1010,1350x1010,,UTF-8,en-us,Hanoi,VN,Vietnam,10.88.113.111,,Win,10.88.113.111,
2132129733,-1,1495875512,439217542,Firefox,,1.0,24-bit,Desktop,,1350x1010,1350x1010,,UTF-8,en-us,Hanoi,VN,Vietnam,10.88.113.111,,Win,10.88.113.111,
2132129733,-1,1495875512,174875203,Firefox,,1.0,24-bit,Desktop,,1350x1010,1350x1010,,UTF-8,en-us,Hanoi,VN,Vietnam,10.88.113.111,,Win,10.88.113.111,
2132129733,-1,1495875512,1158681916,Firefox,,1.0,24-bit,Desktop,,1350x1010,1350x1010,,UTF-8,en-us,Hanoi,VN,Vietnam,10.88.113.111,,Win,10.88.113.111,
2132129733,-1,1495875512,993915451,Firefox,,1.0,24-bit,Desktop,,1350x1010,1350x1010,,UTF-8,en-us,Hanoi,VN,Vietnam,10.88.113.111,,Win,10.88.113.111,
2132129733,-1,1495875512,446945691,Firefox,,1.0,24-bit,Desktop,,1350x1010,1350x1010,,UTF-8,en-us,Hanoi,VN,Vietnam,10.88.113.111,,Win,10.88.113.111,
2132129733,-1,1495875512,1088678690,Firefox,,1.0,24-bit,Desktop,,1350x1010,1350x1010,,UTF-8,en-us,Hanoi,VN,Vietnam,10.88.113.111,,Win,10.88.113.111,
2132129733,-1,1495875512,26441404,Firefox,,1.0,24-bit,Desktop,,1350x1010,1350x1010,,UTF-8,en-us,Hanoi,VN,Vietnam,10.88.113.111,,Win,10.88.113.111,
2132129733,-1,1495875512,1212159186,Firefox,,1.0,24-bit,Desktop,,1350x1010,1350x1010,,UTF-8,en-us,Hanoi,VN,Vietnam,10.88.113.111,,Win,10.88.113.111,
2132129733,-1,1495875512,881388483,Firefox,,1.0,24-bit,Desktop,,1350x1010,1350x1010,,UTF-8,en-us,Hanoi,VN,Vietnam,10.88.113.111,,Win,10.88.113.111,
2132129733,-1,1495875512,927275897,Firefox,,1.0,24-bit,Desktop,,1350x1010,1350x1010,,UTF-8,en-us,Hanoi,VN,Vietnam,10.88.113.111,,Win,10.88.113.111,
2132129733,-1,1495875512,240809967,Firefox,,1.0,24-bit,Desktop,,1350x1010,1350x1010,,UTF-8,en-us,Hanoi,VN,Vietnam,10.88.113.111,,Win,10.88.113.111,
2132129733,-1,1495875512,22670091,Firefox,,1.0,24-bit,Desktop,,1350x1010,1350x1010,,UTF-8,en-us,Hanoi,VN,Vietnam,10.88.113.111,,Win,10.88.113.111,
2132129733,-1,1495875512,1400964075,Firefox,,1.0,24-bit,Desktop,,1350x1010,1350x1010,,UTF-8,en-us,Hanoi,VN,Vietnam,10.88.113.111,,Win,10.88.113.111,
2132129733,-1,1495875512,819248623,Firefox,,1.0,24-bit,Desktop,,1350x1010,1350x1010,,UTF-8,en-us,Hanoi,VN,Vietnam,10.88.113.111,,Win,10.88.113.111,
2132129733,-1,1495875512,149296098,Firefox,,1.0,24-bit,Desktop,,1350x1010,1350x1010,,UTF-8,en-us,Hanoi,VN,Vietnam,10.88.113.111,,Win,10.88.113.111,
2132129733,-1,1495875512,698184663,Firefox,,1.0,24-bit,Desktop,,1350x1010,1350x1010,,UTF-8,en-us,Hanoi,VN,Vietnam,10.88.113.111,,Win,10.88.113.111,
2132129733,-1,1495875512,145549040,Firefox,,1.0,24-bit,Desktop,,1350x1010,1350x1010,,UTF-8,en-us,Hanoi,VN,Vietnam,10.88.113.111,,Win,10.88.113.111,
2132129733,-1,1495875512,277556407,Firefox,,1.0,24-bit,Desktop,,1350x1010,1350x1010,,UTF-8,en-us,Hanoi,VN,Vietnam,10.88.113.111,,Win,10.88.113.111,
2132129733,-1,1495875512,150100148,Firefox,,1.0,24-bit,Desktop,,1350x1010,1350x1010,,UTF-8,en-us,Hanoi,VN,Vietnam,10.88.113.111,,Win,10.88.113.111,
2132129733,-1,1495875512,472974791,Firefox,,1.0,24-bit,Desktop,,1350x1010,1350x1010,,UTF-8,en-us,Hanoi,VN,Vietnam,10.88.113.111,,Win,10.88.113.111,
2132129733,-1,1495875512,1201873341,Firefox,,1.0,24-bit,Desktop,,1350x1010,1350x1010,,UTF-8,en-us,Hanoi,VN,Vietnam,10.88.113.111,,Win,10.88.113.111,
2132129733,-1,1495875512,1210653116,Firefox,,1.0,24-bit,Desktop,,1350x1010,1350x1010,,UTF-8,en-us,Hanoi,VN,Vietnam,10.88.113.111,,Win,10.88.113.111,
2132129733,-1,1495875512,1507462381,Firefox,,1.0,24-bit,Desktop,,1350x1010,1350x1010,,UTF-8,en-us,Hanoi,VN,Vietnam,10.88.113.111,,Win,10.88.113.111,
2132129733,-1,1495875512,842411932,Firefox,,1.0,24-bit,Desktop,,1350x1010,1350x1010,,UTF-8,en-us,Hanoi,VN,Vietnam,10.88.113.111,,Win,10.88.113.111,
2132129733,-1,1495875512,523163249,Firefox,,1.0,24-bit,Desktop,,1350x1010,1350x1010,,UTF-8,en-us,Hanoi,VN,Vietnam,10.88.113.111,,Win,10.88.113.111,
2132129733,-1,1495875512,145415963,Firefox,,1.0,24-bit,Desktop,,1350x1010,1350x1010,,UTF-8,en-us,Hanoi,VN,Vietnam,10.88.113.111,,Win,10.88.113.111,
2132129733,-1,1495875512,1113018064,Firefox,,1.0,24-bit,Desktop,,1350x1010,1350x1010,,UTF-8,en-us,Hanoi,VN,Vietnam,10.88.113.111,,Win,10.88.113.111,
2132129733,-1,1495875512,874780046,Firefox,,1.0,24-bit,Desktop,,1350x1010,1350x1010,,UTF-8,en-us,Hanoi,VN,Vietnam,10.88.113.111,,Win,10.88.113.111,
2132129733,-1,1495875512,1030754183,Firefox,,1.0,24-bit,Desktop,,1350x1010,1350x1010,,UTF-8,en-us,Hanoi,VN,Vietnam,10.88.113.111,,Win,10.88.113.111,
2132129733,-1,1495875512,631013502,Firefox,,1.0,24-bit,Desktop,,1350x1010,1350x1010,,UTF-8,en-us,Hanoi,VN,Vietnam,10.88.113.111,,Win,10.88.113.111,
2132129733,-1,1495875512,1036449554,Firefox,,1.0,24-bit,Desktop,,1350x1010,1350x1010,,UTF-8,en-us,Hanoi,VN,Vietnam,10.88.113.111,,Win,10.88.113.111,
2132129733,-1,1495875512,810010475,Firefox,,1.0,24-bit,Desktop,,1350x1010,1350x1010,,UTF-8,en-us,Hanoi,VN,Vietnam,10.88.113.111,,Win,10.88.113.111,
2132129733,-1,1495875512,206738406,Firefox,,1.0,24-bit,Desktop,,1350x1010,1350x1010,,UTF-8,en-us,Hanoi,VN,Vietnam,10.88.113.111,,Win,10.88.113.111,
2132129733,-1,1495875512,205354175,Firefox,,1.0,24-bit,Desktop,,1350x1010,1350x1010,,UTF-8,en-us,Hanoi,VN,Vietnam,10.88.113.111,,Win,10.88.113.111,
2132129733,-1,1495875512,1407126433,Firefox,,1.0,24-bit,Desktop,,1350x1010,1350x1010,,UTF-8,en-us,Hanoi,VN,Vietnam,10.88.113.111,,Win,10.88.113.111,
2134432961,-1,1094159989,1095371900,Chrome,,1.0,24-bit,Desktop,,1350x1010,1350x1010,,UTF-8,en-us,Hanoi,VN,Vietnam,10.88.113.111,,Win,10.88.113.111,
2134432961,-1,1094159989,879848425,Chrome,,1.0,24-bit,Desktop,,1350x1010,1350x1010,,UTF-8,en-us,Hanoi,VN,Vietnam,10.88.113.111,,Win,10.88.113.111,
2134432961,-1,1094159989,1281388676,Chrome,,,24-bit,Desktop,0.0,1920x1080,1920x925,,UTF-8,en-us,Hanoi,VN,Vietnam,10.88.113.111,,Win,http://10.88.113.60/login,
2134432961,-1,1094159989,966770706,Chrome,,,24-bit,Desktop,0.0,1920x1080,1920x925,,UTF-8,en-us,Hanoi,VN,Vietnam,10.88.113.111,,Win,http://10.88.113.60/login,
2134432961,-1,1094159989,525541387,Chrome,,,24-bit,Desktop,0.0,1920x1080,1920x925,,UTF-8,en-us,Hanoi,VN,Vietnam,10.88.113.111,,Win,http://10.88.113.60/,
2134432961,-1,1094159989,766765605,Chrome,,,24-bit,Desktop,0.0,1920x1080,1920x925,,UTF-8,en-us,Hanoi,VN,Vietnam,10.88.113.111,,Win,http://10.88.113.60/,
2134432961,-1,1094159989,290260708,Chrome,,,24-bit,Desktop,0.0,1920x1080,1920x925,,UTF-8,en-us,Hanoi,VN,Vietnam,10.88.113.111,,Win,http://10.88.113.60/,
2134432961,-1,1094159989,625395543,Chrome,,,24-bit,Desktop,0.0,1920x1080,1920x925,,UTF-8,en-us,Hanoi,VN,Vietnam,10.88.113.111,,Win,http://10.88.113.60/,
2134432961,-1,1094159989,589927157,Chrome,,,24-bit,Desktop,0.0,1920x1080,281x925,,UTF-8,en-us,Hanoi,VN,Vietnam,10.88.113.111,,Win,http://10.88.113.60/,
2134432961,-1,1094159989,884609420,Chrome,,,24-bit,Desktop,0.0,1920x1080,281x925,,UTF-8,en-us,Hanoi,VN,Vietnam,10.88.113.111,,Win,http://10.88.113.60/movies/tt0155384,
2134432961,-1,1094159989,1015994755,Chrome,,,24-bit,Desktop,0.0,1920x1080,281x925,,UTF-8,en-us,Hanoi,VN,Vietnam,10.88.113.111,,Win,http://10.88.113.60/movies/tt2583852,
2134432961,-1,1094159989,419933447,Chrome,,,24-bit,Desktop,0.0,1920x1080,281x925,,UTF-8,en-us,Hanoi,VN,Vietnam,10.88.113.111,,Win,http://10.88.113.60/movies/tt7335016,
2134432961,-1,1094159989,560375295,Chrome,,,24-bit,Desktop,0.0,1920x1080,281x925,,UTF-8,en-us,Hanoi,VN,Vietnam,10.88.113.111,,Win,http://10.88.113.60/movies/tt3251278,
2134432961,-1,1094159989,762219447,Chrome,,,24-bit,Desktop,0.0,1920x1080,281x925,,UTF-8,en-us,Hanoi,VN,Vietnam,10.88.113.111,,Win,http://10.88.113.60/movies/tt1756474,
2134432961,-1,1094159989,341568039,Chrome,,,24-bit,Desktop,0.0,1920x1080,281x925,,UTF-8,en-us,Hanoi,VN,Vietnam,10.88.113.111,,Win,http://10.88.113.60/movies/tt3159860,
2134432961,-1,1094159989,646248492,Chrome,,,24-bit,Desktop,0.0,1920x1080,281x925,,UTF-8,en-us,Hanoi,VN,Vietnam,10.88.113.111,,Win,http://10.88.113.60/movies/tt5678876,
2134432961,-1,1094159989,807559344,Chrome,,,24-bit,Desktop,0.0,1920x1080,281x925,,UTF-8,en-us,Hanoi,VN,Vietnam,10.88.113.111,,Win,http://10.88.113.60/movies/tt4396664,
2134432961,-1,1094159989,1286529659,Chrome,,,24-bit,Desktop,0.0,1920x1080,281x925,,UTF-8,en-us,Hanoi,VN,Vietnam,10.88.113.111,,Win,http://10.88.113.60/movies/tt1825425,
2134432961,-1,1094159989,203033750,Chrome,,,24-bit,Desktop,0.0,1920x1080,281x925,,UTF-8,en-us,Hanoi,VN,Vietnam,10.88.113.111,,Win,http://10.88.113.60/movies/tt0275821,
2134432961,-1,1094159989,415810396,Chrome,,,24-bit,Desktop,0.0,1920x1080,281x925,,UTF-8,en-us,Hanoi,VN,Vietnam,10.88.113.111,,Win,http://10.88.113.60/movies/tt4412686,
2134432961,-1,1094159989,1410989263,Chrome,,,24-bit,Desktop,0.0,1920x1080,281x925,,UTF-8,en-us,Hanoi,VN,Vietnam,10.88.113.111,,Win,http://10.88.113.60/movies/tt6332762,
2134432961,-1,1094159989,749306747,Chrome,,,24-bit,Desktop,0.0,1920x1080,281x925,,UTF-8,en-us,Hanoi,VN,Vietnam,10.88.113.111,,Win,http://10.88.113.60/movies/tt0499281,
2134432961,-1,1094159989,1414261227,Chrome,,,24-bit,Desktop,0.0,1920x1080,281x925,,UTF-8,en-us,Hanoi,VN,Vietnam,10.88.113.111,,Win,http://10.88.113.60/movies/tt5862130,
2134432961,-1,1094159989,1364174067,Chrome,,,24-bit,Desktop,0.0,1920x1080,281x925,,UTF-8,en-us,Hanoi,VN,Vietnam,10.88.113.111,,Win,http://10.88.113.60/movies/tt3392010,
2134432961,-1,1094159989,1411942050,Chrome,,,24-bit,Desktop,0.0,1920x1080,281x925,,UTF-8,en-us,Hanoi,VN,Vietnam,10.88.113.111,,Win,http://10.88.113.60/movies/tt6300100,
2134432961,-1,1094159989,1056827257,Chrome,,,24-bit,Desktop,0.0,1920x1080,281x925,,UTF-8,en-us,Hanoi,VN,Vietnam,10.88.113.111,,Win,http://10.88.113.60/movies/tt0771623,
2134432961,-1,1094159989,1508504862,Chrome,,,24-bit,Desktop,0.0,1920x1080,281x925,,UTF-8,en-us,Hanoi,VN,Vietnam,10.88.113.111,,Win,http://10.88.113.60/movies/tt5862130,
2134432961,-1,1094159989,1218915885,Chrome,,,24-bit,Desktop,0.0,1920x1080,281x925,,UTF-8,en-us,Hanoi,VN,Vietnam,10.88.113.111,,Win,http://10.88.113.60/movies/tt0218271,
2134432961,-1,1094159989,869587223,Chrome,,,24-bit,Desktop,0.0,1920x1080,281x925,,UTF-8,en-us,Hanoi,VN,Vietnam,10.88.113.111,,Win,http://10.88.113.60/movies/tt5862130,
2134432961,-1,1094159989,1102421924,Chrome,,,24-bit,Desktop,0.0,1920x1080,281x925,,UTF-8,en-us,Hanoi,VN,Vietnam,10.88.113.111,,Win,http://10.88.113.60/movies/tt3392010,
2134432961,-1,1094159989,355634581,Chrome,,,24-bit,Desktop,0.0,1920x1080,281x925,,UTF-8,en-us,Hanoi,VN,Vietnam,10.88.113.111,,Win,http://10.88.113.60/movies/tt0014982,
2134432961,-1,1094159989,609400531,Chrome,,,24-bit,Desktop,0.0,1920x1080,281x925,,UTF-8,en-us,Hanoi,VN,Vietnam,10.88.113.111,,Win,http://10.88.113.60/movies/tt6300100,
2134432961,-1,1094159989,1321412580,Chrome,,,24-bit,Desktop,0.0,1920x1080,281x925,,UTF-8,en-us,Hanoi,VN,Vietnam,10.88.113.111,,Win,http://10.88.113.60/movies/tt0083416,
2134432961,-1,1094159989,1121751492,Chrome,,,24-bit,Desktop,0.0,1920x1080,281x925,,UTF-8,en-us,Hanoi,VN,Vietnam,10.88.113.111,,Win,http://10.88.113.60/movies/tt0771623,
2134432961,-1,1094159989,1349973646,Chrome,,,24-bit,Desktop,0.0,1920x1080,281x925,,UTF-8,en-us,Hanoi,VN,Vietnam,10.88.113.111,,Win,http://10.88.113.60/movies/tt1405797,
2134432961,-1,1094159989,955021240,Chrome,,,24-bit,Desktop,0.0,1920x1080,281x925,,UTF-8,en-us,Hanoi,VN,Vietnam,10.88.113.111,,Win,http://10.88.113.60/movies/tt3392010,
2134432961,-1,1094159989,783723155,Chrome,,,24-bit,Desktop,0.0,1920x1080,281x925,,UTF-8,en-us,Hanoi,VN,Vietnam,10.88.113.111,,Win,http://10.88.113.60/movies/tt5646500,
2134432961,-1,1094159989,439402107,Chrome,,,24-bit,Desktop,0.0,1920x1080,1920x974,,UTF-8,en-us,Hanoi,VN,Vietnam,10.88.113.111,,Win,http://10.88.113.60/,
2134432961,-1,1094159989,482194498,Chrome,,,24-bit,Desktop,0.0,1920x1080,1920x974,,UTF-8,en-us,Hanoi,VN,Vietnam,10.88.113.111,,Win,http://10.88.113.60/,
2134432961,-1,1094159989,850989588,Chrome,,,24-bit,Desktop,0.0,1920x1080,1920x974,,UTF-8,en-us,Hanoi,VN,Vietnam,10.88.113.111,,Win,http://10.88.113.60/movies/tt0157185,
2134432961,-1,1094159989,1465770003,Chrome,,,24-bit,Desktop,0.0,1920x1080,1920x974,,UTF-8,en-us,Hanoi,VN,Vietnam,10.88.113.111,,Win,http://10.88.113.60/movies/tt0111698,
2134432961,-1,1094159989,1428299813,Chrome,,,24-bit,Desktop,0.0,1920x1080,1920x974,,UTF-8,en-us,Hanoi,VN,Vietnam,10.88.113.111,,Win,http://10.88.113.60/movies/tt2181860,
2134432961,-1,1094159989,78815035,Chrome,,,24-bit,Desktop,0.0,1920x1080,1920x974,,UTF-8,en-us,Hanoi,VN,Vietnam,10.88.113.111,,Win,http://10.88.113.60/movies/tt1220481,
2134432961,-1,1094159989,646871396,Chrome,,,24-bit,Desktop,0.0,1920x1080,1920x974,,UTF-8,en-us,Hanoi,VN,Vietnam,10.88.113.111,,Win,http://10.88.113.60/movies/tt0357365,
2134432961,-1,1094159989,775975259,Chrome,,,24-bit,Desktop,0.0,1920x1080,1920x974,,UTF-8,en-us,Hanoi,VN,Vietnam,10.88.113.111,,Win,http://10.88.113.60/movies/tt4204648,
2134432961,-1,1094159989,1198733963,Chrome,,,24-bit,Desktop,0.0,1920x1080,1920x974,,UTF-8,en-us,Hanoi,VN,Vietnam,10.88.113.111,,Win,http://10.88.113.60/movies/tt0040996,
2134432961,-1,1094159989,884420157,Chrome,,,24-bit,Desktop,0.0,1920x1080,1920x974,,UTF-8,en-us,Hanoi,VN,Vietnam,10.88.113.111,,Win,http://10.88.113.60/movies/tt0080236,
2134432961,-1,1094159989,81350428,Chrome,,,24-bit,Desktop,0.0,1920x1080,1920x974,,UTF-8,en-us,Hanoi,VN,Vietnam,10.88.113.111,,Win,http://10.88.113.60/movies/tt4204648,
1819826779,-1,2084530968,58313316,Chrome,,,24-bit,Desktop,0.0,480x854,480x854,,UTF-8,en-us,Hanoi,VN,Vietnam,10.88.113.111,,Win,http://10.88.113.60/movies/tt4204648,
1484343409,-1,1941894512,772463115,Firefox,,1.0,24-bit,Desktop,,1350x1010,1350x1010,,UTF-8,en-us,Hanoi,VN,Vietnam,10.88.113.111,,Win,10.88.113.111,
1484343409,-1,1941894512,569242711,Firefox,,1.0,24-bit,Desktop,,1350x1010,1350x1010,,UTF-8,en-us,Hanoi,VN,Vietnam,10.88.113.111,,Win,10.88.113.111,
1484343409,-1,1941894512,175736023,Firefox,,1.0,24-bit,Desktop,,1350x1010,1350x1010,,UTF-8,en-us,Hanoi,VN,Vietnam,10.88.113.111,,Win,10.88.113.111,
1484343409,-1,1941894512,996150309,Firefox,,1.0,24-bit,Desktop,,1350x1010,1350x1010,,UTF-8,en-us,Hanoi,VN,Vietnam,10.88.113.111,,Win,10.88.113.111,
1484343409,-1,1941894512,145201607,Firefox,,1.0,24-bit,Desktop,,1350x1010,1350x1010,,UTF-8,en-us,Hanoi,VN,Vietnam,10.88.113.111,,Win,10.88.113.111,
1484343409,-1,1941894512,474171150,Firefox,,1.0,24-bit,Desktop,,1350x1010,1350x1010,,UTF-8,en-us,Hanoi,VN,Vietnam,10.88.113.111,,Win,10.88.113.111,
1484343409,-1,1941894512,817663915,Firefox,,1.0,24-bit,Desktop,,1350x1010,1350x1010,,UTF-8,en-us,Hanoi,VN,Vietnam,10.88.113.111,,Win,10.88.113.111,
1484343409,-1,1941894512,560489238,Firefox,,1.0,24-bit,Desktop,,1350x1010,1350x1010,,UTF-8,en-us,Hanoi,VN,Vietnam,10.88.113.111,,Win,10.88.113.111,
1484343409,-1,1941894512,1065845992,Firefox,,1.0,24-bit,Desktop,,1350x1010,1350x1010,,UTF-8,en-us,Hanoi,VN,Vietnam,10.88.113.111,,Win,10.88.113.111,
1484343409,-1,1941894512,574534013,Firefox,,1.0,24-bit,Desktop,,1350x1010,1350x1010,,UTF-8,en-us,Hanoi,VN,Vietnam,10.88.113.111,,Win,10.88.113.111,
1484343409,-1,1941894512,1411264106,Firefox,,1.0,24-bit,Desktop,,1350x1010,1350x1010,,UTF-8,en-us,Hanoi,VN,Vietnam,10.88.113.111,,Win,10.88.113.111,
1484343409,-1,1941894512,1042954434,Firefox,,1.0,24-bit,Desktop,,1350x1010,1350x1010,,UTF-8,en-us,Hanoi,VN,Vietnam,10.88.113.111,,Win,10.88.113.111,
1484343409,-1,1941894512,1227292466,Firefox,,1.0,24-bit,Desktop,,1350x1010,1350x1010,,UTF-8,en-us,Hanoi,VN,Vietnam,10.88.113.111,,Win,10.88.113.111,
1484343409,-1,1941894512,287187722,Firefox,,1.0,24-bit,Desktop,,1350x1010,1350x1010,,UTF-8,en-us,Hanoi,VN,Vietnam,10.88.113.111,,Win,10.88.113.111,
1484343409,-1,1941894512,213991438,Firefox,,1.0,24-bit,Desktop,,1350x1010,1350x1010,,UTF-8,en-us,Hanoi,VN,Vietnam,10.88.113.111,,Win,10.88.113.111,
1484343409,-1,1941894512,223045761,Firefox,,1.0,24-bit,Desktop,,1350x1010,1350x1010,,UTF-8,en-us,Hanoi,VN,Vietnam,10.88.113.111,,Win,10.88.113.111,
1484343409,-1,1941894512,252029069,Firefox,,1.0,24-bit,Desktop,,1350x1010,1350x1010,,UTF-8,en-us,Hanoi,VN,Vietnam,10.88.113.111,,Win,10.88.113.111,
1484343409,-1,1941894512,154786379,Firefox,,1.0,24-bit,Desktop,,1350x1010,1350x1010,,UTF-8,en-us,Hanoi,VN,Vietnam,10.88.113.111,,Win,10.88.113.111,
1484343409,-1,1941894512,817174992,Firefox,,1.0,24-bit,Desktop,,1350x1010,1350x1010,,UTF-8,en-us,Hanoi,VN,Vietnam,10.88.113.111,,Win,10.88.113.111,
1484343409,-1,1941894512,852559489,Firefox,,1.0,24-bit,Desktop,,1350x1010,1350x1010,,UTF-8,en-us,Hanoi,VN,Vietnam,10.88.113.111,,Win,10.88.113.111,
1484343409,-1,1941894512,282858084,Firefox,,1.0,24-bit,Desktop,,1350x1010,1350x1010,,UTF-8,en-us,Hanoi,VN,Vietnam,10.88.113.111,,Win,10.88.113.111,
1484343409,-1,1941894512,969994438,Firefox,,1.0,24-bit,Desktop,,1350x1010,1350x1010,,UTF-8,en-us,Hanoi,VN,Vietnam,10.88.113.111,,Win,10.88.113.111,
1484343409,-1,1941894512,454794055,Firefox,,1.0,24-bit,Desktop,,1350x1010,1350x1010,,UTF-8,en-us,Hanoi,VN,Vietnam,10.88.113.111,,Win,10.88.113.111,
1484343409,-1,1941894512,273350832,Firefox,,1.0,24-bit,Desktop,,1350x1010,1350x1010,,UTF-8,en-us,Hanoi,VN,Vietnam,10.88.113.111,,Win,10.88.113.111,
1484343409,-1,1941894512,227827922,Firefox,,1.0,24-bit,Desktop,,1350x1010,1350x1010,,UTF-8,en-us,Hanoi,VN,Vietnam,10.88.113.111,,Win,10.88.113.111,
1484343409,-1,1941894512,1474147740,Firefox,,1.0,24-bit,Desktop,,1350x1010,1350x1010,,UTF-8,en-us,Hanoi,VN,Vietnam,10.88.113.111,,Win,10.88.113.111,
1484343409,-1,1941894512,1032767990,Firefox,,1.0,24-bit,Desktop,,1350x1010,1350x1010,,UTF-8,en-us,Hanoi,VN,Vietnam,10.88.113.111,,Win,10.88.113.111,
1484343409,-1,1941894512,763299708,Firefox,,1.0,24-bit,Desktop,,1350x1010,1350x1010,,UTF-8,en-us,Hanoi,VN,Vietnam,10.88.113.111,,Win,10.88.113.111,
1484343409,-1,1941894512,171108103,Firefox,,1.0,24-bit,Desktop,,1350x1010,1350x1010,,UTF-8,en-us,Hanoi,VN,Vietnam,10.88.113.111,,Win,10.88.113.111,
1484343409,-1,1941894512,452951068,Firefox,,1.0,24-bit,Desktop,,1350x1010,1350x1010,,UTF-8,en-us,Hanoi,VN,Vietnam,10.88.113.111,,Win,10.88.113.111,
1484343409,-1,1941894512,768945893,Firefox,,1.0,24-bit,Desktop,,1350x1010,1350x1010,,UTF-8,en-us,Hanoi,VN,Vietnam,10.88.113.111,,Win,10.88.113.111,
1484343409,-1,1941894512,1235783088,Firefox,,1.0,24-bit,Desktop,,1350x1010,1350x1010,,UTF-8,en-us,Hanoi,VN,Vietnam,10.88.113.111,,Win,10.88.113.111,
1484343409,-1,1941894512,327488261,Firefox,,1.0,24-bit,Desktop,,1350x1010,1350x1010,,UTF-8,en-us,Hanoi,VN,Vietnam,10.88.113.111,,Win,10.88.113.111,
1484343409,-1,1941894512,533615966,Firefox,,1.0,24-bit,Desktop,,1350x1010,1350x1010,,UTF-8,en-us,Hanoi,VN,Vietnam,10.88.113.111,,Win,10.88.113.111,
1484343409,-1,1941894512,458821314,Firefox,,1.0,24-bit,Desktop,,1350x1010,1350x1010,,UTF-8,en-us,Hanoi,VN,Vietnam,10.88.113.111,,Win,10.88.113.111,
1484343409,-1,1941894512,956416115,Firefox,,1.0,24-bit,Desktop,,1350x1010,1350x1010,,UTF-8,en-us,Hanoi,VN,Vietnam,10.88.113.111,,Win,10.88.113.111,
1484343409,-1,1941894512,1130519114,Firefox,,1.0,24-bit,Desktop,,1350x1010,1350x1010,,UTF-8,en-us,Hanoi,VN,Vietnam,10.88.113.111,,Win,10.88.113.111,
1484343409,-1,1941894512,1500349244,Firefox,,1.0,24-bit,Desktop,,1350x1010,1350x1010,,UTF-8,en-us,Hanoi,VN,Vietnam,10.88.113.111,,Win,10.88.113.111,
1484343409,-1,1941894512,519101580,Firefox,,1.0,24-bit,Desktop,,1350x1010,1350x1010,,UTF-8,en-us,Hanoi,VN,Vietnam,10.88.113.111,,Win,10.88.113.111,
1484343409,-1,1941894512,394798702,Firefox,,1.0,24-bit,Desktop,,1350x1010,1350x1010,,UTF-8,en-us,Hanoi,VN,Vietnam,10.88.113.111,,Win,10.88.113.111,
1484343409,-1,1941894512,312251689,Firefox,,1.0,24-bit,Desktop,,1350x1010,1350x1010,,UTF-8,en-us,Hanoi,VN,Vietnam,10.88.113.111,,Win,10.88.113.111,
1484343409,-1,1941894512,1474070589,Firefox,,1.0,24-bit,Desktop,,1350x1010,1350x1010,,UTF-8,en-us,Hanoi,VN,Vietnam,10.88.113.111,,Win,10.88.113.111,
1484343409,-1,1941894512,1463819594,Firefox,,1.0,24-bit,Desktop,,1350x1010,1350x1010,,UTF-8,en-us,Hanoi,VN,Vietnam,10.88.113.111,,Win,10.88.113.111,
1484343409,-1,1941894512,1222144363,Firefox,,1.0,24-bit,Desktop,,1350x1010,1350x1010,,UTF-8,en-us,Hanoi,VN,Vietnam,10.88.113.111,,Win,10.88.113.111,
1484343409,-1,1941894512,248556182,Firefox,,1.0,24-bit,Desktop,,1350x1010,1350x1010,,UTF-8,en-us,Hanoi,VN,Vietnam,10.88.113.111,,Win,10.88.113.111,
1484343409,-1,1941894512,282299564,Firefox,,1.0,24-bit,Desktop,,1350x1010,1350x1010,,UTF-8,en-us,Hanoi,VN,Vietnam,10.88.113.111,,Win,10.88.113.111,
1484343409,-1,1941894512,776523402,Firefox,,1.0,24-bit,Desktop,,1350x1010,1350x1010,,UTF-8,en-us,Hanoi,VN,Vietnam,10.88.113.111,,Win,10.88.113.111,
1484343409,-1,1941894512,641097327,Firefox,,1.0,24-bit,Desktop,,1350x1010,1350x1010,,UTF-8,en-us,Hanoi,VN,Vietnam,10.88.113.111,,Win,10.88.113.111,
1484343409,-1,1941894512,879529326,Firefox,,1.0,24-bit,Desktop,,1350x1010,1350x1010,,UTF-8,en-us,Hanoi,VN,Vietnam,10.88.113.111,,Win,10.88.113.111,
1484343409,-1,1941894512,671789615,Firefox,,1.0,24-bit,Desktop,,1350x1010,1350x1010,,UTF-8,en-us,Hanoi,VN,Vietnam,10.88.113.111,,Win,10.88.113.111,
1484343409,-1,1941894512,166768187,Firefox,,1.0,24-bit,Desktop,,1350x1010,1350x1010,,UTF-8,en-us,Hanoi,VN,Vietnam,10.88.113.111,,Win,10.88.113.111,
1484343409,-1,1941894512,104724372,Firefox,,1.0,24-bit,Desktop,,1350x1010,1350x1010,,UTF-8,en-us,Hanoi,VN,Vietnam,10.88.113.111,,Win,10.88.113.111,
1484343409,-1,1941894512,842230884,Firefox,,1.0,24-bit,Desktop,,1350x1010,1350x1010,,UTF-8,en-us,Hanoi,VN,Vietnam,10.88.113.111,,Win,10.88.113.111,
1484343409,-1,1941894512,1235190659,Firefox,,1.0,24-bit,Desktop,,1350x1010,1350x1010,,UTF-8,en-us,Hanoi,VN,Vietnam,10.88.113.111,,Win,10.88.113.111,
1484343409,-1,1941894512,579837573,Firefox,,1.0,24-bit,Desktop,,1350x1010,1350x1010,,UTF-8,en-us,Hanoi,VN,Vietnam,10.88.113.111,,Win,10.88.113.111,
1484343409,-1,1941894512,220372725,Firefox,,1.0,24-bit,Desktop,,1350x1010,1350x1010,,UTF-8,en-us,Hanoi,VN,Vietnam,10.88.113.111,,Win,10.88.113.111,
1484343409,-1,1941894512,717403650,Firefox,,1.0,24-bit,Desktop,,1350x1010,1350x1010,,UTF-8,en-us,Hanoi,VN,Vietnam,10.88.113.111,,Win,10.88.113.111,
1484343409,-1,1941894512,753918153,Firefox,,1.0,24-bit,Desktop,,1350x1010,1350x1010,,UTF-8,en-us,Hanoi,VN,Vietnam,10.88.113.111,,Win,10.88.113.111,
1484343409,-1,1941894512,626290108,Firefox,,1.0,24-bit,Desktop,,1350x1010,1350x1010,,UTF-8,en-us,Hanoi,VN,Vietnam,10.88.113.111,,Win,10.88.113.111,
1484343409,-1,1941894512,202262913,Firefox,,1.0,24-bit,Desktop,,1350x1010,1350x1010,,UTF-8,en-us,Hanoi,VN,Vietnam,10.88.113.111,,Win,10.88.113.111,
1484343409,-1,1941894512,1410949924,Firefox,,1.0,24-bit,Desktop,,1350x1010,1350x1010,,UTF-8,en-us,Hanoi,VN,Vietnam,10.88.113.111,,Win,10.88.113.111,
1484343409,-1,1941894512,134953694,Firefox,,1.0,24-bit,Desktop,,1350x1010,1350x1010,,UTF-8,en-us,Hanoi,VN,Vietnam,10.88.113.111,,Win,10.88.113.111,
1484343409,-1,1941894512,1151191422,Firefox,,1.0,24-bit,Desktop,,1350x1010,1350x1010,,UTF-8,en-us,Hanoi,VN,Vietnam,10.88.113.111,,Win,10.88.113.111,
1484343409,-1,1941894512,1445143124,Firefox,,1.0,24-bit,Desktop,,1350x1010,1350x1010,,UTF-8,en-us,Hanoi,VN,Vietnam,10.88.113.111,,Win,10.88.113.111,
1484343409,-1,1941894512,590289469,Firefox,,1.0,24-bit,Desktop,,1350x1010,1350x1010,,UTF-8,en-us,Hanoi,VN,Vietnam,10.88.113.111,,Win,10.88.113.111,
1484343409,-1,1941894512,907663773,Firefox,,1.0,24-bit,Desktop,,1350x1010,1350x1010,,UTF-8,en-us,Hanoi,VN,Vietnam,10.88.113.111,,Win,10.88.113.111,
1484343409,-1,1941894512,262386158,Firefox,,1.0,24-bit,Desktop,,1350x1010,1350x1010,,UTF-8,en-us,Hanoi,VN,Vietnam,10.88.113.111,,Win,10.88.113.111,
1484343409,-1,1941894512,288425954,Firefox,,1.0,24-bit,Desktop,,1350x1010,1350x1010,,UTF-8,en-us,Hanoi,VN,Vietnam,10.88.113.111,,Win,10.88.113.111,
1484343409,-1,1941894512,1307861865,Firefox,,1.0,24-bit,Desktop,,1350x1010,1350x1010,,UTF-8,en-us,Hanoi,VN,Vietnam,10.88.113.111,,Win,10.88.113.111,
1484343409,-1,1941894512,1180971289,Firefox,,1.0,24-bit,Desktop,,1350x1010,1350x1010,,UTF-8,en-us,Hanoi,VN,Vietnam,10.88.113.111,,Win,10.88.113.111,
1484343409,-1,1941894512,135667826,Firefox,,1.0,24-bit,Desktop,,1350x1010,1350x1010,,UTF-8,en-us,Hanoi,VN,Vietnam,10.88.113.111,,Win,10.88.113.111,
1484343409,-1,1941894512,1013620899,Firefox,,1.0,24-bit,Desktop,,1350x1010,1350x1010,,UTF-8,en-us,Hanoi,VN,Vietnam,10.88.113.111,,Win,10.88.113.111,
1484343409,-1,1941894512,1436993624,Firefox,,1.0,24-bit,Desktop,,1350x1010,1350x1010,,UTF-8,en-us,Hanoi,VN,Vietnam,10.88.113.111,,Win,10.88.113.111,
1484343409,-1,1941894512,515361703,Firefox,,1.0,24-bit,Desktop,,1350x1010,1350x1010,,UTF-8,en-us,Hanoi,VN,Vietnam,10.88.113.111,,Win,10.88.113.111,
1484343409,-1,1941894512,1299362235,Firefox,,1.0,24-bit,Desktop,,1350x1010,1350x1010,,UTF-8,en-us,Hanoi,VN,Vietnam,10.88.113.111,,Win,10.88.113.111,
1484343409,-1,1941894512,780670861,Firefox,,1.0,24-bit,Desktop,,1350x1010,1350x1010,,UTF-8,en-us,Hanoi,VN,Vietnam,10.88.113.111,,Win,10.88.113.111,
1484343409,-1,1941894512,570767743,Firefox,,1.0,24-bit,Desktop,,1350x1010,1350x1010,,UTF-8,en-us,Hanoi,VN,Vietnam,10.88.113.111,,Win,10.88.113.111,
1484343409,-1,1941894512,859617607,Firefox,,1.0,24-bit,Desktop,,1350x1010,1350x1010,,UTF-8,en-us,Hanoi,VN,Vietnam,10.88.113.111,,Win,10.88.113.111,
1484343409,-1,1941894512,360057311,Firefox,,1.0,24-bit,Desktop,,1350x1010,1350x1010,,UTF-8,en-us,Hanoi,VN,Vietnam,10.88.113.111,,Win,10.88.113.111,
1484343409,-1,1941894512,1495491655,Firefox,,1.0,24-bit,Desktop,,1350x1010,1350x1010,,UTF-8,en-us,Hanoi,VN,Vietnam,10.88.113.111,,Win,10.88.113.111,
1484343409,-1,1941894512,406597750,Firefox,,1.0,24-bit,Desktop,,1350x1010,1350x1010,,UTF-8,en-us,Hanoi,VN,Vietnam,10.88.113.111,,Win,10.88.113.111,
1484343409,-1,1941894512,1251105725,Firefox,,1.0,24-bit,Desktop,,1350x1010,1350x1010,,UTF-8,en-us,Hanoi,VN,Vietnam,10.88.113.111,,Win,10.88.113.111,
1484343409,-1,1941894512,1486863444,Firefox,,1.0,24-bit,Desktop,,1350x1010,1350x1010,,UTF-8,en-us,Hanoi,VN,Vietnam,10.88.113.111,,Win,10.88.113.111,
1484343409,-1,1941894512,889417733,Firefox,,1.0,24-bit,Desktop,,1350x1010,1350x1010,,UTF-8,en-us,Hanoi,VN,Vietnam,10.88.113.111,,Win,10.88.113.111,
1484343409,-1,1941894512,112407779,Firefox,,1.0,24-bit,Desktop,,1350x1010,1350x1010,,UTF-8,en-us,Hanoi,VN,Vietnam,10.88.113.111,,Win,10.88.113.111,
1484343409,-1,1941894512,319361622,Firefox,,1.0,24-bit,Desktop,,1350x1010,1350x1010,,UTF-8,en-us,Hanoi,VN,Vietnam,10.88.113.111,,Win,10.88.113.111,
1484343409,-1,1941894512,28661472,Firefox,,1.0,24-bit,Desktop,,1350x1010,1350x1010,,UTF-8,en-us,Hanoi,VN,Vietnam,10.88.113.111,,Win,10.88.113.111,
1484343409,-1,1941894512,1419733082,Firefox,,1.0,24-bit,Desktop,,1350x1010,1350x1010,,UTF-8,en-us,Hanoi,VN,Vietnam,10.88.113.111,,Win,10.88.113.111,
1197758143,-1,1874673346,722267543,Chrome,,,24-bit,Desktop,0.0,1280x1024,1280x893,,UTF-8,en-us,Hanoi,VN,Vietnam,10.88.113.60,,Win,http://10.88.113.60/,
1197758143,-1,1874673346,-36463497,Chrome,,,24-bit,Desktop,0.0,1280x1024,1280x893,,UTF-8,en-us,Hanoi,VN,Vietnam,10.88.113.60,,Win,http://10.88.113.60/,
1197758143,-1,1874673346,1413903083,Chrome,,,24-bit,Desktop,0.0,1280x1024,1263x893,,UTF-8,en-us,Hanoi,VN,Vietnam,10.88.113.60,,Win,http://10.88.113.60/,
1197758143,-1,1874673346,621890388,Chrome,,,24-bit,Desktop,0.0,1280x1024,1263x893,,UTF-8,en-us,Hanoi,VN,Vietnam,10.88.113.60,,Win,http://10.88.113.60/movies/tt1334429,
1197758143,-1,1874673346,1232648861,Chrome,,,24-bit,Desktop,0.0,1280x1024,1263x893,,UTF-8,en-us,Hanoi,VN,Vietnam,10.88.113.60,,Win,http://10.88.113.60/movies/tt0098695,
1197758143,-1,1874673346,534036339,Chrome,,,24-bit,Desktop,0.0,1280x1024,1263x893,,UTF-8,en-us,Hanoi,VN,Vietnam,10.88.113.60,,Win,http://10.88.113.60/movies/tt0103939,
1197758143,-1,1874673346,135758021,Chrome,,,24-bit,Desktop,0.0,1280x1024,1263x893,,UTF-8,en-us,Hanoi,VN,Vietnam,10.88.113.60,,Win,http://10.88.113.60/movies/tt6607218,
1197758143,-1,1874673346,565591510,Chrome,,,24-bit,Desktop,0.0,1280x1024,1263x893,,UTF-8,en-us,Hanoi,VN,Vietnam,10.88.113.60,,Win,http://10.88.113.60/movies/tt1592558,
1481731309,-1,1001793528,199053684,Chrome,,,24-bit,Desktop,0.0,1280x1024,664x988,,UTF-8,en-us,Hanoi,VN,Vietnam,10.88.113.74,,Win,http://10.88.113.74/,
1481731309,-1,1001793528,709916535,Chrome,,,24-bit,Desktop,0.0,1280x1024,664x988,,UTF-8,en-us,Hanoi,VN,Vietnam,10.88.113.74,,Win,http://10.88.113.74/,
1481731309,-1,1001793528,1214960082,Chrome,,,24-bit,Desktop,0.0,1280x1024,1350x1010,,UTF-8,en-us,Hanoi,VN,Vietnam,10.88.113.74,,Win,http://10.88.113.74/,
1481731309,-1,1001793528,562663255,Chrome,,,24-bit,Desktop,0.0,1280x1024,1333x1010,,UTF-8,en-us,Hanoi,VN,Vietnam,10.88.113.74,,Win,http://10.88.113.74/,
1481731309,-1,1001793528,1393330200,Chrome,,,24-bit,Desktop,0.0,1280x1024,664x988,,UTF-8,en-us,Hanoi,VN,Vietnam,10.88.113.74,,Win,http://10.88.113.74/,
1481731309,-1,1001793528,910805984,Chrome,,,24-bit,Desktop,0.0,1280x1024,1333x1010,,UTF-8,en-us,Hanoi,VN,Vietnam,10.88.113.74,,Win,http://10.88.113.74/,
1481731309,-1,1001793528,-40247844,Chrome,,,24-bit,Desktop,0.0,1280x1024,1350x583,,UTF-8,en-us,Hanoi,VN,Vietnam,10.88.113.74,,Win,http://10.88.113.74/,
1481731309,-1,1001793528,197290314,Chrome,,,24-bit,Desktop,0.0,1280x1024,1350x583,,UTF-8,en-us,Hanoi,VN,Vietnam,10.88.113.74,,Win,http://10.88.113.74/,
1481731309,-1,1001793528,1420362497,Chrome,,,24-bit,Desktop,0.0,1280x1024,1350x583,,UTF-8,en-us,Hanoi,VN,Vietnam,10.88.113.74,,Win,http://10.88.113.74/movies/tt2527336,
1481731309,-1,1001793528,1170385796,Chrome,,,24-bit,Desktop,0.0,1280x1024,1350x583,,UTF-8,en-us,Hanoi,VN,Vietnam,10.88.113.74,,Win,http://10.88.113.74/movies/tt2527336,
1481731309,-1,1001793528,1399028662,Chrome,,,24-bit,Desktop,0.0,1280x1024,1333x583,,UTF-8,en-us,Hanoi,VN,Vietnam,10.88.113.74,,Win,http://10.88.113.74/movies/tt2527336,
1481731309,-1,1001793528,1280206935,Chrome,,,24-bit,Desktop,0.0,1280x1024,1350x583,,UTF-8,en-us,Hanoi,VN,Vietnam,10.88.113.74,,Win,http://10.88.113.74/movies/tt2527336,
1481731309,-1,1001793528,901152092,Chrome,,,24-bit,Desktop,0.0,1280x1024,1350x583,,UTF-8,en-us,Hanoi,VN,Vietnam,10.88.113.74,,Win,http://10.88.113.74/movies/tt2527336,
1481731309,-1,1001793528,78151682,Chrome,,,24-bit,Desktop,0.0,1280x1024,1350x583,,UTF-8,en-us,Hanoi,VN,Vietnam,10.88.113.74,,Win,http://10.88.113.74/movies/tt3486324,
1481731309,-1,1001793528,1478930605,Chrome,,,24-bit,Desktop,0.0,1280x1024,1350x583,,UTF-8,en-us,Hanoi,VN,Vietnam,10.88.113.74,,Win,http://10.88.113.74/movies/tt0182647,
1481731309,-1,1001793528,5791002,Chrome,,,24-bit,Desktop,0.0,1280x1024,1350x1010,,UTF-8,en-us,Hanoi,VN,Vietnam,10.88.113.74,,Win,http://10.88.113.74/,
1481731309,-1,1001793528,1122668749,Chrome,,,24-bit,Desktop,0.0,1280x1024,1350x1010,,UTF-8,en-us,Hanoi,VN,Vietnam,10.88.113.74,,Win,http://10.88.113.74/,
1481731309,-1,1001793528,-11325956,Chrome,,,24-bit,Desktop,0.0,1280x1024,1350x1010,,UTF-8,en-us,Hanoi,VN,Vietnam,10.88.113.74,,Win,http://10.88.113.74/movies/tt0182647,
1481731309,-1,1001793528,714865885,Chrome,,,24-bit,Desktop,0.0,1280x1024,1333x583,,UTF-8,en-us,Hanoi,VN,Vietnam,10.88.113.74,,Win,http://10.88.113.74/movies/tt0182647,
1912978767,-1,1185883910,1151788174,Chrome,,1.0,24-bit,Desktop,,1350x1010,1350x1010,,UTF-8,en-us,Hanoi,VN,Vietnam,10.88.113.111,,Win,10.88.113.111,
1912978767,-1,1185883910,925553344,Chrome,,1.0,24-bit,Desktop,,1350x1010,1350x1010,,UTF-8,en-us,Hanoi,VN,Vietnam,10.88.113.111,,Win,10.88.113.111,
1912978767,-1,1185883910,1142819032,Chrome,,1.0,24-bit,Desktop,,1350x1010,1350x1010,,UTF-8,en-us,Hanoi,VN,Vietnam,10.88.113.111,,Win,10.88.113.111,
1912978767,-1,1185883910,1051060037,Chrome,,1.0,24-bit,Desktop,,1350x1010,1350x1010,,UTF-8,en-us,Hanoi,VN,Vietnam,10.88.113.111,,Win,10.88.113.111,
1912978767,-1,1185883910,1404685221,Chrome,,1.0,24-bit,Desktop,,1350x1010,1350x1010,,UTF-8,en-us,Hanoi,VN,Vietnam,10.88.113.111,,Win,10.88.113.111,
1912978767,-1,1185883910,1371911235,Chrome,,1.0,24-bit,Desktop,,1350x1010,1350x1010,,UTF-8,en-us,Hanoi,VN,Vietnam,10.88.113.111,,Win,10.88.113.111,
1912978767,-1,1185883910,1329814320,Chrome,,1.0,24-bit,Desktop,,1350x1010,1350x1010,,UTF-8,en-us,Hanoi,VN,Vietnam,10.88.113.111,,Win,10.88.113.111,
1912978767,-1,1185883910,197930960,Chrome,,1.0,24-bit,Desktop,,1350x1010,1350x1010,,UTF-8,en-us,Hanoi,VN,Vietnam,10.88.113.111,,Win,10.88.113.111,
1912978767,-1,1185883910,591491521,Chrome,,1.0,24-bit,Desktop,,1350x1010,1350x1010,,UTF-8,en-us,Hanoi,VN,Vietnam,10.88.113.111,,Win,10.88.113.111,
1912978767,-1,1185883910,1354615096,Chrome,,1.0,24-bit,Desktop,,1350x1010,1350x1010,,UTF-8,en-us,Hanoi,VN,Vietnam,10.88.113.111,,Win,10.88.113.111,
1912978767,-1,1185883910,10957973,Chrome,,1.0,24-bit,Desktop,,1350x1010,1350x1010,,UTF-8,en-us,Hanoi,VN,Vietnam,10.88.113.111,,Win,10.88.113.111,
1912978767,-1,1185883910,762167457,Chrome,,1.0,24-bit,Desktop,,1350x1010,1350x1010,,UTF-8,en-us,Hanoi,VN,Vietnam,10.88.113.111,,Win,10.88.113.111,
1912978767,-1,1185883910,248838927,Chrome,,1.0,24-bit,Desktop,,1350x1010,1350x1010,,UTF-8,en-us,Hanoi,VN,Vietnam,10.88.113.111,,Win,10.88.113.111,
1912978767,-1,1185883910,883820139,Chrome,,1.0,24-bit,Desktop,,1350x1010,1350x1010,,UTF-8,en-us,Hanoi,VN,Vietnam,10.88.113.111,,Win,10.88.113.111,
1912978767,-1,1185883910,1160979388,Chrome,,1.0,24-bit,Desktop,,1350x1010,1350x1010,,UTF-8,en-us,Hanoi,VN,Vietnam,10.88.113.111,,Win,10.88.113.111,
1912978767,-1,1185883910,1179722765,Chrome,,1.0,24-bit,Desktop,,1350x1010,1350x1010,,UTF-8,en-us,Hanoi,VN,Vietnam,10.88.113.111,,Win,10.88.113.111,
1912978767,-1,1185883910,825770255,Chrome,,1.0,24-bit,Desktop,,1350x1010,1350x1010,,UTF-8,en-us,Hanoi,VN,Vietnam,10.88.113.111,,Win,10.88.113.111,
1912978767,-1,1185883910,865911329,Chrome,,1.0,24-bit,Desktop,,1350x1010,1350x1010,,UTF-8,en-us,Hanoi,VN,Vietnam,10.88.113.111,,Win,10.88.113.111,
1912978767,-1,1185883910,139955189,Chrome,,1.0,24-bit,Desktop,,1350x1010,1350x1010,,UTF-8,en-us,Hanoi,VN,Vietnam,10.88.113.111,,Win,10.88.113.111,
1912978767,-1,1185883910,837272888,Chrome,,1.0,24-bit,Desktop,,1350x1010,1350x1010,,UTF-8,en-us,Hanoi,VN,Vietnam,10.88.113.111,,Win,10.88.113.111,
1912978767,-1,1185883910,679593592,Chrome,,1.0,24-bit,Desktop,,1350x1010,1350x1010,,UTF-8,en-us,Hanoi,VN,Vietnam,10.88.113.111,,Win,10.88.113.111,
1912978767,-1,1185883910,235306109,Chrome,,1.0,24-bit,Desktop,,1350x1010,1350x1010,,UTF-8,en-us,Hanoi,VN,Vietnam,10.88.113.111,,Win,10.88.113.111,
1912978767,-1,1185883910,18117357,Chrome,,1.0,24-bit,Desktop,,1350x1010,1350x1010,,UTF-8,en-us,Hanoi,VN,Vietnam,10.88.113.111,,Win,10.88.113.111,
1912978767,-1,1185883910,759625818,Chrome,,1.0,24-bit,Desktop,,1350x1010,1350x1010,,UTF-8,en-us,Hanoi,VN,Vietnam,10.88.113.111,,Win,10.88.113.111,
1912978767,-1,1185883910,665110391,Chrome,,1.0,24-bit,Desktop,,1350x1010,1350x1010,,UTF-8,en-us,Hanoi,VN,Vietnam,10.88.113.111,,Win,10.88.113.111,
1912978767,-1,1185883910,100728719,Chrome,,1.0,24-bit,Desktop,,1350x1010,1350x1010,,UTF-8,en-us,Hanoi,VN,Vietnam,10.88.113.111,,Win,10.88.113.111,
1912978767,-1,1185883910,305719396,Chrome,,1.0,24-bit,Desktop,,1350x1010,1350x1010,,UTF-8,en-us,Hanoi,VN,Vietnam,10.88.113.111,,Win,10.88.113.111,
1912978767,-1,1185883910,1057711008,Chrome,,1.0,24-bit,Desktop,,1350x1010,1350x1010,,UTF-8,en-us,Hanoi,VN,Vietnam,10.88.113.111,,Win,10.88.113.111,
1912978767,-1,1185883910,335187235,Chrome,,1.0,24-bit,Desktop,,1350x1010,1350x1010,,UTF-8,en-us,Hanoi,VN,Vietnam,10.88.113.111,,Win,10.88.113.111,
1912978767,-1,1185883910,492272276,Chrome,,1.0,24-bit,Desktop,,1350x1010,1350x1010,,UTF-8,en-us,Hanoi,VN,Vietnam,10.88.113.111,,Win,10.88.113.111,
1912978767,-1,1185883910,16879384,Chrome,,1.0,24-bit,Desktop,,1350x1010,1350x1010,,UTF-8,en-us,Hanoi,VN,Vietnam,10.88.113.111,,Win,10.88.113.111,
1912978767,-1,1185883910,1351303857,Chrome,,1.0,24-bit,Desktop,,1350x1010,1350x1010,,UTF-8,en-us,Hanoi,VN,Vietnam,10.88.113.111,,Win,10.88.113.111,
1912978767,-1,1185883910,556644833,Chrome,,1.0,24-bit,Desktop,,1350x1010,1350x1010,,UTF-8,en-us,Hanoi,VN,Vietnam,10.88.113.111,,Win,10.88.113.111,
1912978767,-1,1185883910,179920268,Chrome,,1.0,24-bit,Desktop,,1350x1010,1350x1010,,UTF-8,en-us,Hanoi,VN,Vietnam,10.88.113.111,,Win,10.88.113.111,
1912978767,-1,1185883910,1143235156,Chrome,,1.0,24-bit,Desktop,,1350x1010,1350x1010,,UTF-8,en-us,Hanoi,VN,Vietnam,10.88.113.111,,Win,10.88.113.111,
1912978767,-1,1185883910,1068317911,Chrome,,1.0,24-bit,Desktop,,1350x1010,1350x1010,,UTF-8,en-us,Hanoi,VN,Vietnam,10.88.113.111,,Win,10.88.113.111,
1912978767,-1,1185883910,1430390202,Chrome,,1.0,24-bit,Desktop,,1350x1010,1350x1010,,UTF-8,en-us,Hanoi,VN,Vietnam,10.88.113.111,,Win,10.88.113.111,
1912978767,-1,1185883910,666207321,Chrome,,1.0,24-bit,Desktop,,1350x1010,1350x1010,,UTF-8,en-us,Hanoi,VN,Vietnam,10.88.113.111,,Win,10.88.113.111,
1912978767,-1,1185883910,661443244,Chrome,,1.0,24-bit,Desktop,,1350x1010,1350x1010,,UTF-8,en-us,Hanoi,VN,Vietnam,10.88.113.111,,Win,10.88.113.111,
1912978767,-1,1185883910,344610593,Chrome,,1.0,24-bit,Desktop,,1350x1010,1350x1010,,UTF-8,en-us,Hanoi,VN,Vietnam,10.88.113.111,,Win,10.88.113.111,
1912978767,-1,1185883910,719801178,Chrome,,1.0,24-bit,Desktop,,1350x1010,1350x1010,,UTF-8,en-us,Hanoi,VN,Vietnam,10.88.113.111,,Win,10.88.113.111,
1912978767,-1,1185883910,392922950,Chrome,,1.0,24-bit,Desktop,,1350x1010,1350x1010,,UTF-8,en-us,Hanoi,VN,Vietnam,10.88.113.111,,Win,10.88.113.111,
1912978767,-1,1185883910,759196548,Chrome,,1.0,24-bit,Desktop,,1350x1010,1350x1010,,UTF-8,en-us,Hanoi,VN,Vietnam,10.88.113.111,,Win,10.88.113.111,
1912978767,-1,1185883910,952103807,Chrome,,1.0,24-bit,Desktop,,1350x1010,1350x1010,,UTF-8,en-us,Hanoi,VN,Vietnam,10.88.113.111,,Win,10.88.113.111,
1912978767,-1,1185883910,1375676017,Chrome,,1.0,24-bit,Desktop,,1350x1010,1350x1010,,UTF-8,en-us,Hanoi,VN,Vietnam,10.88.113.111,,Win,10.88.113.111,
1912978767,-1,1185883910,863972907,Chrome,,1.0,24-bit,Desktop,,1350x1010,1350x1010,,UTF-8,en-us,Hanoi,VN,Vietnam,10.88.113.111,,Win,10.88.113.111,
1912978767,-1,1185883910,1243149341,Chrome,,1.0,24-bit,Desktop,,1350x1010,1350x1010,,UTF-8,en-us,Hanoi,VN,Vietnam,10.88.113.111,,Win,10.88.113.111,
1912978767,-1,1185883910,196749713,Chrome,,1.0,24-bit,Desktop,,1350x1010,1350x1010,,UTF-8,en-us,Hanoi,VN,Vietnam,10.88.113.111,,Win,10.88.113.111,
2067581824,-1,1326888963,802241056,Chrome,,,24-bit,Android Tablet,0.0,800x1280,800x1280,,UTF-8,en-us,Harbour Breton,CA,Canada,10.88.113.111,,Win,http://10.88.113.60/movies/tt4204648,
2067581824,-1,1326888963,465297529,Chrome,,,24-bit,Android Tablet,0.0,800x1280,800x1280,,UTF-8,en-us,Harbour Breton,CA,Canada,10.88.113.111,,Win,http://10.88.113.60/movies/tt4204648,
1888783132,-1,1390102517,694960513,Chrome,,1.0,24-bit,Desktop,,1350x1010,1350x1010,,UTF-8,en-us,Hanoi,VN,Vietnam,10.88.113.111,,Win,10.88.113.111,
1888783132,-1,1390102517,1397068368,Chrome,,1.0,24-bit,Desktop,,1350x1010,1350x1010,,UTF-8,en-us,Hanoi,VN,Vietnam,10.88.113.111,,Win,10.88.113.111,
1882363178,-1,2089413022,482014049,Chrome,,1.0,24-bit,BlackBerry 10,,1350x1010,1350x1010,,UTF-8,en-us,Hanoi,VN,Vietnam,10.88.113.111,,Win,10.88.113.111,
1882363178,-1,2089413022,628693304,Chrome,,1.0,24-bit,BlackBerry 10,,1350x1010,1350x1010,,UTF-8,en-us,Hanoi,VN,Vietnam,10.88.113.111,,Win,10.88.113.111,
1882363178,-1,2089413022,1173796732,Chrome,,1.0,24-bit,BlackBerry PlayBook,,1350x1010,1350x1010,,UTF-8,en-us,Hanoi,VN,Vietnam,10.88.113.111,,Win,10.88.113.111,
1882363178,-1,2089413022,1216723292,Chrome,,1.0,24-bit,BlackBerry PlayBook,,1350x1010,1350x1010,,UTF-8,en-us,Hanoi,VN,Vietnam,10.88.113.111,,Win,10.88.113.111,
1882363178,-1,2089413022,287503273,Chrome,,1.0,24-bit,BlackBerry PlayBook,,1350x1010,1350x1010,,UTF-8,en-us,Hanoi,VN,Vietnam,10.88.113.111,,Win,10.88.113.111,
1882363178,-1,2089413022,678118288,Chrome,,1.0,24-bit,BlackBerry PlayBook,,1350x1010,1350x1010,,UTF-8,en-us,Hanoi,VN,Vietnam,10.88.113.111,,Win,10.88.113.111,
1882363178,-1,2089413022,221680696,Chrome,,1.0,24-bit,BlackBerry PlayBook,,1350x1010,1350x1010,,UTF-8,en-us,Hanoi,VN,Vietnam,10.88.113.111,,Win,10.88.113.111,
1882363178,-1,2089413022,1091929197,Chrome,,1.0,24-bit,BlackBerry PlayBook,,1350x1010,1350x1010,,UTF-8,en-us,Hanoi,VN,Vietnam,10.88.113.111,,Win,10.88.113.111,
1882363178,-1,2089413022,535944443,Chrome,,1.0,24-bit,Apple Tablet,,1350x1010,1350x1010,,UTF-8,en-us,Hanoi,VN,Vietnam,10.88.113.111,,Win,10.88.113.111,
1882363178,-1,2089413022,896483167,Chrome,,1.0,24-bit,Apple Tablet,,1350x1010,1350x1010,,UTF-8,en-us,Hanoi,VN,Vietnam,10.88.113.111,,Win,10.88.113.111,
1882363178,-1,2089413022,37916952,Chrome,,1.0,24-bit,Apple Tablet,,1350x1010,1350x1010,,UTF-8,en-us,Hanoi,VN,Vietnam,10.88.113.111,,Win,10.88.113.111,
1882363178,-1,2089413022,736271822,Chrome,,1.0,24-bit,Apple Tablet,,1350x1010,1350x1010,,UTF-8,en-us,Hanoi,VN,Vietnam,10.88.113.111,,Win,10.88.113.111,
1882363178,-1,2089413022,1394980565,Chrome,,1.0,24-bit,Apple Tablet,,1350x1010,1350x1010,,UTF-8,en-us,Hanoi,VN,Vietnam,10.88.113.111,,Win,10.88.113.111,
1882363178,-1,2089413022,510269014,Chrome,,1.0,24-bit,Apple Tablet,,1350x1010,1350x1010,,UTF-8,en-us,Hanoi,VN,Vietnam,10.88.113.111,,Win,10.88.113.111,
1882363178,-1,2089413022,1300235831,Chrome,,1.0,24-bit,BlackBerry 10,,1350x1010,1350x1010,,UTF-8,en-us,Hanoi,VN,Vietnam,10.88.113.111,,Win,10.88.113.111,
1882363178,-1,2089413022,895955971,Chrome,,1.0,24-bit,BlackBerry 10,,1350x1010,1350x1010,,UTF-8,en-us,Hanoi,VN,Vietnam,10.88.113.111,,Win,10.88.113.111,
1882363178,-1,2089413022,1145639651,Chrome,,1.0,24-bit,BlackBerry 10,,1350x1010,1350x1010,,UTF-8,en-us,Hanoi,VN,Vietnam,10.88.113.111,,Win,10.88.113.111,
1882363178,-1,2089413022,561726959,Chrome,,1.0,24-bit,BlackBerry 10,,1350x1010,1350x1010,,UTF-8,en-us,Hanoi,VN,Vietnam,10.88.113.111,,Win,10.88.113.111,
1882363178,-1,2089413022,585617874,Chrome,,1.0,24-bit,Apple Tablet,,1350x1010,1350x1010,,UTF-8,en-us,Hanoi,VN,Vietnam,10.88.113.111,,Win,10.88.113.111,
1882363178,-1,2089413022,1215087128,Chrome,,1.0,24-bit,Apple Tablet,,1350x1010,1350x1010,,UTF-8,en-us,Hanoi,VN,Vietnam,10.88.113.111,,Win,10.88.113.111,
1882363178,-1,2089413022,316335003,Chrome,,1.0,24-bit,Apple Tablet,,1350x1010,1350x1010,,UTF-8,en-us,Hanoi,VN,Vietnam,10.88.113.111,,Win,10.88.113.111,
1510048075,-1,1643880572,756224376,Chrome,,,24-bit,BlackBerry 10,0.0,360x640,360x640,,UTF-8,en-us,Taoyuan,CN,China,10.88.113.111,,Win,http://10.88.113.60/movies/tt4204648,
1510048075,-1,1643880572,-15481313,Chrome,,,24-bit,BlackBerry 10,0.0,360x640,360x640,,UTF-8,en-us,Taoyuan,CN,China,10.88.113.111,,Win,http://10.88.113.60/movies/tt4204648,
