"bucket","m_date","location_path","count"
5,"1,511,740,800","10.88.113.111",5
5,"1,511,827,200","10.88.113.111",9
5,"1,511,913,600","10.88.113.111",11
5,"1,512,000,000","10.88.113.111",10
5,"1,512,000,000",http://10.88.113.60/,1
5,"1,512,000,000",http://10.88.113.60/movies/tt0098695,1
5,"1,512,000,000",http://10.88.113.74/movies/tt2527336,1
5,"1,512,086,400","10.88.113.111",9
5,"1,512,086,400",http://10.88.113.60/movies/tt6300100,1
5,"1,512,086,400",http://10.88.113.74/,1
5,"1,512,086,400",http://10.88.113.74/movies/tt0182647,1
5,"1,512,172,800","10.88.113.111",9
5,"1,512,259,200","10.88.113.111",6
5,"1,512,259,200",http://10.88.113.60/movies/tt1405797,1
5,"1,512,259,200",http://10.88.113.60/movies/tt2583852,1
5,"1,512,259,200",http://10.88.113.74/movies/tt2527336,1
5,"1,512,259,200",http://10.88.113.74/movies/tt3486324,1
5,"1,512,345,600","10.88.113.111",8
5,"1,512,345,600",http://10.88.113.60/movies/tt4204648,1
5,"1,512,345,600",http://10.88.113.60/movies/tt5862130,1
5,"1,512,345,600",http://10.88.113.74/,1
5,"1,512,345,600",http://10.88.113.74/movies/tt0182647,1
5,"1,512,432,000","10.88.113.111",7
5,"1,512,432,000",http://10.88.113.60/movies/tt1756474,1
5,"1,512,432,000",http://10.88.113.74/,1
5,"1,512,518,400","10.88.113.111",8
5,"1,512,518,400",http://10.88.113.74/,1
5,"1,512,604,800","10.88.113.111",7
5,"1,512,604,800",http://10.88.113.60/,1
5,"1,512,604,800",http://10.88.113.60/movies/tt0357365,1
5,"1,512,691,200","10.88.113.111",4
5,"1,512,691,200",http://10.88.113.60/,3
5,"1,512,691,200",http://10.88.113.60/movies/tt0111698,1
5,"1,512,691,200",http://10.88.113.60/movies/tt3392010,1
5,"1,512,691,200",http://10.88.113.74/movies/tt0182647,1
5,"1,512,777,600","10.88.113.111",10
5,"1,512,777,600",http://10.88.113.60/movies/tt4204648,2
5,"1,512,864,000","10.88.113.111",8
5,"1,512,864,000",http://10.88.113.60/movies/tt0080236,1
5,"1,512,864,000",http://10.88.113.60/movies/tt0083416,1
5,"1,512,864,000",http://10.88.113.60/movies/tt4204648,1
5,"1,512,864,000",http://10.88.113.74/movies/tt2527336,1
5,"1,512,950,400","10.88.113.111",6
5,"1,512,950,400",http://10.88.113.60/movies/tt0275821,1
5,"1,512,950,400",http://10.88.113.74/,1
5,"1,513,036,800","10.88.113.111",5
5,"1,513,036,800",http://10.88.113.60/,1
5,"1,513,036,800",http://10.88.113.60/movies/tt4204648,1
5,"1,513,123,200","10.88.113.111",8
5,"1,513,123,200",http://10.88.113.60/movies/tt3251278,1
5,"1,513,123,200",http://10.88.113.60/movies/tt4204648,1
5,"1,513,123,200",http://10.88.113.60/movies/tt5862130,1
5,"1,513,123,200",http://10.88.113.60/movies/tt6300100,1
5,"1,513,209,600","10.88.113.111",4
5,"1,513,209,600",http://10.88.113.60/,2
5,"1,513,209,600",http://10.88.113.60/movies/tt1825425,1
5,"1,513,296,000","10.88.113.111",8
5,"1,513,296,000",http://10.88.113.60/movies/tt5862130,1
5,"1,513,382,400","10.88.113.111",5
5,"1,513,382,400",http://10.88.113.60/movies/tt0040996,1
5,"1,513,382,400",http://10.88.113.74/movies/tt2527336,1
5,"1,513,468,800","10.88.113.111",14
5,"1,513,468,800",http://10.88.113.60/movies/tt4204648,1
5,"1,513,468,800",http://10.88.113.74/,1
5,"1,513,555,200","10.88.113.111",5
5,"1,513,555,200",http://10.88.113.60/movies/tt0155384,1
5,"1,513,555,200",http://10.88.113.60/movies/tt0218271,1
5,"1,513,555,200",http://10.88.113.60/movies/tt3159860,1
5,"1,513,641,600","10.88.113.111",11
5,"1,513,641,600",http://10.88.113.60/login,1
5,"1,513,641,600",http://10.88.113.60/movies/tt0103939,1
5,"1,513,641,600",http://10.88.113.60/movies/tt1592558,1
5,"1,513,641,600",http://10.88.113.60/movies/tt5678876,1
5,"1,513,641,600",http://10.88.113.60/movies/tt6607218,1
5,"1,513,641,600",http://10.88.113.74/,1
5,"1,513,728,000","10.88.113.111",7
5,"1,513,728,000",http://10.88.113.60/movies/tt0014982,1
5,"1,513,728,000",http://10.88.113.60/movies/tt4204648,1
5,"1,513,728,000",http://10.88.113.60/movies/tt5646500,1
5,"1,513,728,000",http://10.88.113.74/,1
5,"1,513,814,400","10.88.113.111",6
5,"1,513,814,400",http://10.88.113.60/movies/tt6332762,1
5,"1,513,814,400",http://10.88.113.60/movies/tt7335016,1
5,"1,513,900,800","10.88.113.111",7
5,"1,513,987,200","10.88.113.111",6
5,"1,513,987,200",http://10.88.113.60/movies/tt0157185,1
5,"1,513,987,200",http://10.88.113.60/movies/tt1220481,1
5,"1,513,987,200",http://10.88.113.60/movies/tt1334429,1
5,"1,513,987,200",http://10.88.113.60/movies/tt3392010,1
5,"1,514,073,600","10.88.113.111",8
5,"1,514,073,600",http://10.88.113.60/,2
5,"1,514,073,600",http://10.88.113.60/movies/tt0771623,1
5,"1,514,160,000","10.88.113.111",8
5,"1,514,160,000",http://10.88.113.60/movies/tt3392010,1
5,"1,514,160,000",http://10.88.113.60/movies/tt4412686,1
5,"1,514,246,400","10.88.113.111",7
5,"1,514,246,400",http://10.88.113.60/movies/tt0499281,1
5,"1,514,246,400",http://10.88.113.74/movies/tt2527336,1
5,"1,514,332,800","10.88.113.111",233
5,"1,514,332,800",http://10.88.113.60/movies/tt0771623,1
5,"1,514,332,800",http://10.88.113.60/movies/tt4396664,1
5,"1,514,332,800",http://10.88.113.74/,1
5,"1,514,419,200","10.88.113.111",9
5,"1,514,419,200",http://10.88.113.60/,3
5,"1,514,419,200",http://10.88.113.60/movies/tt0098695,1
5,"1,514,419,200",http://10.88.113.60/movies/tt0103939,1
5,"1,514,419,200",http://10.88.113.60/movies/tt1334429,1
5,"1,514,419,200",http://10.88.113.60/movies/tt1485796,1
5,"1,514,419,200",http://10.88.113.60/movies/tt1592558,1
5,"1,514,419,200",http://10.88.113.60/movies/tt6607218,1
5,"1,514,419,200",http://10.88.113.74/,1
5,"1,514,505,600",http://10.88.113.60/,29
5,"1,514,505,600",http://10.88.113.60/login,3
5,"1,514,505,600",http://10.88.113.60/movies/tt0014982,1
5,"1,514,505,600",http://10.88.113.60/movies/tt0040996,1
5,"1,514,505,600",http://10.88.113.60/movies/tt0069295,1
5,"1,514,505,600",http://10.88.113.60/movies/tt0080236,1
5,"1,514,505,600",http://10.88.113.60/movies/tt0083416,1
5,"1,514,505,600",http://10.88.113.60/movies/tt0093232,2
5,"1,514,505,600",http://10.88.113.60/movies/tt0095611,1
5,"1,514,505,600",http://10.88.113.60/movies/tt0097178,1
5,"1,514,505,600",http://10.88.113.60/movies/tt0099459,1
5,"1,514,505,600",http://10.88.113.60/movies/tt0111698,1
5,"1,514,505,600",http://10.88.113.60/movies/tt0112194,1
5,"1,514,505,600",http://10.88.113.60/movies/tt0115208,1
5,"1,514,505,600",http://10.88.113.60/movies/tt0155384,1
5,"1,514,505,600",http://10.88.113.60/movies/tt0157185,2
5,"1,514,505,600",http://10.88.113.60/movies/tt0161134,2
5,"1,514,505,600",http://10.88.113.60/movies/tt0218271,1
5,"1,514,505,600",http://10.88.113.60/movies/tt0250124,1
5,"1,514,505,600",http://10.88.113.60/movies/tt0275821,1
5,"1,514,505,600",http://10.88.113.60/movies/tt0357365,1
5,"1,514,505,600",http://10.88.113.60/movies/tt0361200,1
5,"1,514,505,600",http://10.88.113.60/movies/tt0463827,6
5,"1,514,505,600",http://10.88.113.60/movies/tt0499281,1
5,"1,514,505,600",http://10.88.113.60/movies/tt0574745,1
5,"1,514,505,600",http://10.88.113.60/movies/tt0771623,2
5,"1,514,505,600",http://10.88.113.60/movies/tt1220481,1
5,"1,514,505,600",http://10.88.113.60/movies/tt1272013,1
5,"1,514,505,600",http://10.88.113.60/movies/tt1405797,1
5,"1,514,505,600",http://10.88.113.60/movies/tt1756474,1
5,"1,514,505,600",http://10.88.113.60/movies/tt1825425,1
5,"1,514,505,600",http://10.88.113.60/movies/tt2181860,1
5,"1,514,505,600",http://10.88.113.60/movies/tt2487370,1
5,"1,514,505,600",http://10.88.113.60/movies/tt2583852,1
5,"1,514,505,600",http://10.88.113.60/movies/tt2919910,1
5,"1,514,505,600",http://10.88.113.60/movies/tt3159860,1
5,"1,514,505,600",http://10.88.113.60/movies/tt3251278,1
5,"1,514,505,600",http://10.88.113.60/movies/tt3392010,3
5,"1,514,505,600",http://10.88.113.60/movies/tt4204648,8
5,"1,514,505,600",http://10.88.113.60/movies/tt4295258,1
5,"1,514,505,600",http://10.88.113.60/movies/tt4396664,1
5,"1,514,505,600",http://10.88.113.60/movies/tt4412686,1
5,"1,514,505,600",http://10.88.113.60/movies/tt5628332,1
5,"1,514,505,600",http://10.88.113.60/movies/tt5646500,1
5,"1,514,505,600",http://10.88.113.60/movies/tt5678876,1
5,"1,514,505,600",http://10.88.113.60/movies/tt5862130,3
5,"1,514,505,600",http://10.88.113.60/movies/tt5889218,1
5,"1,514,505,600",http://10.88.113.60/movies/tt6300100,2
5,"1,514,505,600",http://10.88.113.60/movies/tt6332762,1
5,"1,514,505,600",http://10.88.113.60/movies/tt7335016,1
5,"1,514,505,600",http://10.88.113.74/,10
5,"1,514,505,600",http://10.88.113.74/movies/tt0182647,3
5,"1,514,505,600",http://10.88.113.74/movies/tt2527336,5
5,"1,514,505,600",http://10.88.113.74/movies/tt3486324,1
